audio_id|audio_path|text
marathi_001|marathi_001.wav|आज नीतू खूपच आनंदात होती कारण तिच्या शहाण्यासारख्या वागण्यामुळे तिला तिच्या आवडीचे गिफ्ट मिळाले होते
marathi_002|marathi_002.wav|फार फार वर्षांपूर्वी पृथ्वीची उत्पत्ती झाली तेंव्हा फक्त सूर्यच आकाशात होता, चंद्र अजिबातच नव्हता
marathi_003|marathi_003.wav|फक्त सूर्यच असल्यामुळे पृथ्वीवर कधी अंधारच होत नसे नेहमीच उजेड रहात असे
marathi_004|marathi_004.wav|त्यामुळे पृथ्वीवर राहणारी माणसे सतत कामात असत
marathi_005|marathi_005.wav|त्यांना विश्रांती कधी घ्यावी हे समजत नसे
marathi_006|marathi_006.wav|सतत काम करत रहायल्यामुळे त्यांना थकवा येत असे, चिडचिड होत असे
marathi_007|marathi_007.wav|एकदा देवबाप्पाने पृथ्वीवरच्या माणसांची भेट घ्यायचे ठरवले
marathi_008|marathi_008.wav|तो पृथ्वीवर आला तेंव्हा माणसे काम करत होती
marathi_009|marathi_009.wav|देवाने माणसाला विचारले, तू तुझे हे शेत कधी नांगरले
marathi_010|marathi_010.wav|माणूस उत्तरला, आज
marathi_011|marathi_011.wav|देवाने दुसर्या माणसाला विचारले, झाड लावण्यासाठी तू हा खड्डा कधी खणलास
marathi_012|marathi_012.wav|देवाने परत तिसर्या माणसाला विचारले, झाडावरची ही फळ कधी पिकली
marathi_013|marathi_013.wav|तिसरा माणूस हसून म्हणाला, आजच
marathi_014|marathi_014.wav|देवाला आश्चर्य वाटले
marathi_015|marathi_015.wav|आणखीन खात्री करुन घेण्यासाठी त्याने आपल्या मुलाला घेऊन जाणा-या बाईला विचारले, ह्याचा जन्म कधी झाला
marathi_016|marathi_016.wav|बाई कौतूकाने म्हणाली, आजच झाला
marathi_017|marathi_017.wav|हे ऐकल्यावर देवाला समजून चुकले की पृथ्वीवरच्या माणसांना वेळेचे अजिबातच भान नाहीये
marathi_018|marathi_018.wav|त्यांना कधी कुठले काम करावे, किती वेळ करावे हे समजत नाही
marathi_019|marathi_019.wav|त्यावर उपाय म्हणून देवाने सूर्याला बारा तासांनंतर अस्त व्हायला सांगितले आणि बरोबर बारा तासांनी परत उदय व्हायला सांगितले
marathi_020|marathi_020.wav|आता पृथ्वीवर बारा तासांनी अंधार व्हायला लागला
marathi_021|marathi_021.wav|अंधारात लोकांना काही दिसेनासे झाले, धडपडू लागले
marathi_022|marathi_022.wav|काहीच काम होईना म्हणून नाईलाजाने झोपू लागले
marathi_023|marathi_023.wav|काही दिवसांनी चौकशी केल्यावर देवाच्या लक्षात आले की माणसांना संपूर्ण अंधाराची खूपच गैरसोय होते आहे
marathi_024|marathi_024.wav|गैरसोय होत असल्यामुळे त्यांना थोडातरी प्रकाश पाहीजे
marathi_025|marathi_025.wav|त्यासाठी मग त्याने शांत आणि शितल असणार्या चंद्रदेवाला पृथ्वीवर येण्याची विनंती केली
marathi_026|marathi_026.wav|पांढराशुभ्र चंद्रप्रकाशात पृथ्वीवरच्या माणसांनाही शांत वाटू लागले, झोप येऊ लागली
marathi_027|marathi_027.wav|माणसांचा वेळ रात्र आणि दिवस ह्यात वाटला गेला
marathi_028|marathi_028.wav|अशा तर्हेने पृथ्वीवरचा प्रत्येक दिवस सूर्यासोबत कामात आणि रात्र चंद्रासोबत आरामात जाऊ लागली
marathi_029|marathi_029.wav|शाळा संपतांना दीपाताईंनी मुलांना सुट्टीसाठी एक काम सोपवले होते
marathi_030|marathi_030.wav|मे महिन्यात सगळेजण आंब्याची मजा लुटतात आणि कोयी मात्र फेकून देतात
marathi_031|marathi_031.wav|ताईंनी ह्या कोयींपासूनच मुलांना रोपे तयार करण्यास सांगितली होती
marathi_032|marathi_032.wav|नम्रता तर, बाबांनी आंबे आणले की लगेचच त्याच्या कोयी आपल्याला कधी मिळतात ह्याची वाट बघायची
marathi_033|marathi_033.wav|तिने त्यासाठी दुधाच्या पिशव्या साठवून त्यात माती आणि शेणखत घालूनच ठेवले होते
marathi_034|marathi_034.wav|बाबांनी तिला हापूस, पायरी, लंगडा, तोतापुरी, लालबाग, अशा आंब्यांच्या अनेक जाती ओळखायला शिकवल्या होत्या
marathi_035|marathi_035.wav|त्यामुळे आंब्यांचा चट्टा मट्टा झाला की नम्रता आंब्यांच्या जातीप्रमाणे त्यांची वर्गवारी करुन ठेवायची
marathi_036|marathi_036.wav|सकाळी उठल्यावर आंब्याच्या दोन किंवा तीन कोयी मिळून एका मातीच्या पिशवीत लावायच्या
marathi_037|marathi_037.wav|नंतर सगळ्या पिशव्यांना पाणी घालायचे हे नम्रताचे रोजचे काम होते
marathi_038|marathi_038.wav|पाणी घालतांना नम्रता विचार करायची, आज ह्या कोयी मातीच्या कुशीत छान झोपल्या आहेत
marathi_039|marathi_039.wav|काही दिवसांनी कोयीला कोंब फुटतील, त्यातून इवलेसे रोप येईल
marathi_040|marathi_040.wav|होता होता झाड थोडे मोठे झाले की आपल्या वर्गातली सगळी मुले मिळून आपण त्याची रोपे डोंगरावर लावूयात
marathi_041|marathi_041.wav|पावसामुळे रोपे डोंगरावर वाढतील, मोठे वृक्ष होतील
marathi_042|marathi_042.wav|वसंत ऋतूत झाडांना छान मोहोर येईल, त्यावर कोकीळा, बुलबुल, मैना गाणी गातील
marathi_043|marathi_043.wav|आपल्या सर्वांना मिळून त्या डोंगरावर ट्रीपलाही जाता येईल
marathi_044|marathi_044.wav|नम्रताची स्वप्न साखळी अशी वाढत जात असे
marathi_045|marathi_045.wav|तिने तिच्या सोसायटीतल्या मैत्रिणींनाही आपल्या मनातले गुपीत सांगितले होते
marathi_046|marathi_046.wav|त्यामुळे त्याही कोयींना कोंब फुटण्याची वाट पहात होत्या
marathi_047|marathi_047.wav|होता होता पंधरा दिवस झाले
marathi_048|marathi_048.wav|सकाळी नम्रता झाडांना पाणी घालायला गेली तर तिला दोन पिशव्यांमध्ये चक्क कोंब फुटलेले दिसले
marathi_049|marathi_049.wav|नम्रता आनंदाने घरभर नाचली
marathi_050|marathi_050.wav|आई-बाबांना, मित्र-मैत्रिणींना सर्वांना ते कोंब दाखवून झाले
marathi_051|marathi_051.wav|आता तिला खात्री पटली होती की शाळा सुरु होई पर्यंत तिची आंब्याची झाडे चांगली येणार होती
marathi_052|marathi_052.wav|तुम्ही पण अशा तर्हेने झाडांची रोपे करुन पावसाळयात जरुर झाडे लावा
marathi_053|marathi_053.wav|केरळ भारतातला एक निसर्गरम्य प्रांत
marathi_054|marathi_054.wav|निसर्गाने जणू आपला सर्व खजिना या प्रांतावर अगदी मुक्तहस्ते उधळलाय
marathi_055|marathi_055.wav|बर्याच वर्षांपासून दक्षिण भारतात जाण्याची त्यातल्या त्यात केरळ बघण्याची अगदी मनापासून इच्छा होती, पण या ना त्या कारणाने तो योग येतच नव्हता
marathi_056|marathi_056.wav|कुठलीही गोष्ट घडण्याची एक ठराविक वेळ असते असे म्हणतात ते अगदी खरंय
marathi_057|marathi_057.wav|केरळ बघण्याची इच्छापूर्ती आमचा मित्र संजीव पिल्ले याच्या सहकार्यानेच व्हायची होती
marathi_058|marathi_058.wav|एक दिवस सकाळी सकाळी ऑफिसमधला टेलिफोन खणखणला
marathi_059|marathi_059.wav|तो फोन होता संजीव पिल्लेचा, जो टेलिफोन ऑपरेटर म्हणून काम करतो
marathi_060|marathi_060.wav|आंधळा मागतो एक डोळा आणि देव देतो दोन डोळे अशातली आमची अवस्था झाली
marathi_061|marathi_061.wav|एवढी वर्ष सुप्त असलेली इच्छा पूर्ण होण्याची संधी अशी सहजासहजी चालून येईल असं वाटलं नव्हतं
marathi_062|marathi_062.wav|मग काय, भराभर वेगवेगळ्या सेक्शनमधले फोन घणघणले आणि इच्छुकांची म्हणण्यापेक्षा अपेक्षितांची यादी तयार झाली
marathi_063|marathi_063.wav|मिनू, एके दिवशी तिच्या घराच्या बागेत फिरत असतांना, चाफ्याच्या झाडाखाली तिला काहीतरी हालचाल दिसली
marathi_064|marathi_064.wav|अगं आई, लवकर बागेत ये, बघ काय आहे, मिनू जोरात हाका मारत आईला बोलवत म्हणाली
marathi_065|marathi_065.wav|आईने धावत येऊन पाहिले तर मैना निपचित पडलेली होती
marathi_066|marathi_066.wav|मिनू, अग ही मैना अजून जिवंत आहे, तिला उचलून आत आण, आईने काळजीने मिनूला सुचवले
marathi_067|marathi_067.wav|मैनेला घरात आणल्यावर मिनूने कापसाच्या बोळ्याने पाणी पाजले, तिला थोडी तरतरी आली
marathi_068|marathi_068.wav|मिनू मैना पक्ष्याला प्रथमच इतक्या जवळून पाहत असल्यामुळे जरा सुरुवातीला घाबरली होती
marathi_069|marathi_069.wav|पण आता तिला बरे करायचे आहे म्हणून काळजी घेत होती
marathi_070|marathi_070.wav|दोन दिवसांनी मैना पुष्कळच टवटवीत दिसू लागली, घरात थोडीफार इकडे तिकडे फिरु लागली
marathi_071|marathi_071.wav|मैनेची हालचाल बघून मिनूला खूपच आनंद झाला, तिने मैनेचे नाव प्रेमाने मिठू ठेवले
marathi_072|marathi_072.wav|तिला चांगले वाटावे म्हणून बागेतून काडया-पाने गोळा करुन तिच्यासाठी छानसे घरटेही तयार केले
marathi_073|marathi_073.wav|मिठू घरात फिरुन आली की घरट्यात जाऊन बसायची
marathi_074|marathi_074.wav|शाळे व्यतिरिक्त मिनूचा संपूर्ण वेळ मिठूशी खेळण्यात जायचा, तिला मिठूचा खूपच लळा लागला होता
marathi_075|marathi_075.wav|आता मिठूला चांगले उडता येऊ लागले होते
marathi_076|marathi_076.wav|आईने मिनूला समजावून सांगितले, मिनू राणी, मिठूला आता चांगले उडता येऊ लागले आहे
marathi_077|marathi_077.wav|समजा ती उडाली तर अजिबात नाराज व्हायचे नाही
marathi_078|marathi_078.wav|दुसर्या दिवशी सकाळी घरटयात जाऊन पाहिले तर मिठू तेथे नव्हती
marathi_079|marathi_079.wav|घरभर तिला शोधले पण सापडली नाही
marathi_080|marathi_080.wav|मिनूला कळून चुकले की आता मिठू आपल्याला परत कधीच भेटणार नाही
marathi_081|marathi_081.wav|तिच्या सवंगडयांना भेटायला ती आकाशात दूरवर उडाली आहे
marathi_082|marathi_082.wav|मिनू उदास झाली, तिचा रोजचा वेळ आता कंटाळवाणा जाऊ लागला
marathi_083|marathi_083.wav|मिठूची खूपच आठवण येत असे, असेच दिवस चालले होते
marathi_084|marathi_084.wav|एके दिवशी सकाळी मिनूला खिडकीत ओळखीचा आवाज आला
marathi_085|marathi_085.wav|डोळे उघडून पाहिले तर मिनू मोठयाने किंचाळलीच
marathi_086|marathi_086.wav|मिठूही आनंदाने मिनूच्या गादीवर बसली
marathi_087|marathi_087.wav|मिनूला तर इतका आनंद झाला होता, ती मनसोक्त तिच्या छोटया मैत्रिणीशी खेळली
marathi_088|marathi_088.wav|थोडया वेळाने मिठू खिडकीतून दूर उडून गेली
marathi_089|marathi_089.wav|ते पाहिल्यावर आई म्हणाली, मिनू मला तुझे कौतूक वाटते, पिंजर्यात डांबून न ठेवता तू मिठूला मोकळे ठेवलेस त्यामुळेच ती तुझ्याकडे परत आली
marathi_090|marathi_090.wav|मला खात्री आहे आता मिठू आपल्याकडे नेहमीच येत जाईल, मिनूने आईला घट्ट मिठी मारली
marathi_091|marathi_091.wav|मदर्स डेसाठी आदिती आणि आखिलेषची जोरदार तयारी चालू झाली होती
marathi_092|marathi_092.wav|रोजच्या दोघांच्या चर्चा, कागदावर सारखे गुपचूप लिहीणे आजोबा दोनचार दिवसांपासून पाहात होते
marathi_093|marathi_093.wav|आज त्यांनी त्याबद्दल मुलांना विचारायचे ठरवले
marathi_094|marathi_094.wav|काय गं आदिती, काय गडबड चालली आहे, दोन चार दिवसांपासून तुम्ही दोघेही काहीतरी कामात आहात
marathi_095|marathi_095.wav|आजोबांनी हा प्रश्न विचारल्यावर आदितीने घाबरुन खोलीत आई नाही ना ह्याची खात्री करुन घेतली
marathi_096|marathi_096.wav|अहो आजोबा, मदर्स डे आहे नां त्याची तयारी करतो आहोत, आखिलेषने दबक्या आवाजात सांगितले
marathi_097|marathi_097.wav|मदर्स डे म्हणजे आपला मातृदिन होय, आजोबा समजूतीने म्हणाले
marathi_098|marathi_098.wav|आम्ही त्याच्या सेलिब्रेशनची तयारी करत आहोत, आदितीने समजूत काढली
marathi_099|marathi_099.wav|आखिलेष पुढे समजावत म्हणाला, आजोबा मी इंटरनेटवर वाचले आहे मदर्स डेची सुरुवात प्रथम ग्रीक आणि रोमन लोकांनी ख्रिस्त जन्मपूर्व २५० वर्षांपूर्वी केली
marathi_100|marathi_100.wav|निसर्गमातेचा उत्सव म्हणून सुरु केला गेलेला हा दिवस आपआपल्या मातांना प्रेम आणि आदर व्यक्त करण्याचा दिवस म्हणून साजरा केला जाऊ लागला
marathi_101|marathi_101.wav|आता भारतीयही मातृदिना बरोबरच मदर्स डेही साजरा करतात
marathi_102|marathi_102.wav|आम्हीही आईसाठी हा दिवस स्पेशल करणार आहोत
marathi_103|marathi_103.wav|आजोबांनाही ही माहिती नवीनच होती
marathi_105|marathi_105.wav|ते उत्साहाने म्हणाले, मुलांनो, मलाही तुमचा प्लॅन सांगा, मी सुध्दा तुम्हाला काहीतरी मदत करु शकेन
marathi_106|marathi_106.wav|आजोबांचे आश्वासन ऐकून मुलांनाही उत्साह आला
marathi_107|marathi_107.wav|आदिती सांगू लागली, रविवारी आम्ही दोघेही आईच्या आधी उठून तिला सकाळचा चहा करुन देणार आहोत
marathi_108|marathi_108.wav|त्यानंतर दुपारचे जेवणही आम्हीच करणार आहोत, बाबा आम्हाला पोळ्या करायला मदत करणार आहे
marathi_109|marathi_109.wav|आखिलेष पुढे म्हणाला, आईसाठी आम्ही खास शुभेच्छापत्रही तयार केले आहे
marathi_110|marathi_110.wav|साठवलेल्या पैश्यातून तिच्यासाठी छोटेसे गिफ्ट आणि आवडीचे मोगर्याचे गजरेही आणणार आहोत
marathi_111|marathi_111.wav|मुलांचे प्लॅन ऐकून आजोबा खूष झाले, मुलांनो तुमचा मदर्स डे नक्कीच स्पेशल होणार आहे, मीही त्या दिवशी तुम्हाला कामात मदत करीन
marathi_112|marathi_112.wav|रोज शाळा सुटल्यावर भूक लागल्यामुळे चिन्मय धावतच घरी यायचा
marathi_113|marathi_113.wav|त्याची आई रोज त्याच्यासाठी वेगवेगळे पदार्थ करायची
marathi_114|marathi_114.wav|कधी इडली, ढोकळा, थालिपीठ, नूडल्स अगदी रोज काहीतरी वेगळे असायचेच
marathi_115|marathi_115.wav|शाळेतल्या मित्रांना त्याचा हेवा वाटायचा
marathi_116|marathi_116.wav|एके दिवशी घरी आल्यावर आई झोपलेली होती, तो घाईने आई जवळ गेला
marathi_117|marathi_117.wav|आईला ताप आला होता, त्याला पाहून क्षीण आवाजात आई म्हणाली, चिनू बेटा, मला ताप आल्यामुळे अजिबात उठवले जात नाही आहे
marathi_118|marathi_118.wav|मी तुझ्यासाठी काही खायला करु शकले नाही, आजचा दिवस तू सकाळचीच पोळी-भाजी खा आणि दूध पी
marathi_119|marathi_119.wav|हे ऐकल्यावर चिनूला खूपच राग आला, हे काय डब्यातही तेच आणि आताही तेच, मी नाही काही खात जा, चिन्मय धूसफूसत म्हणाला
marathi_120|marathi_120.wav|शेवटी काही न खाताच तो चिडून खेळायला गेला
marathi_121|marathi_121.wav|आईला बरे नाही म्हणून संध्याकाळी बाबा स्वयंपाक करत होते
marathi_122|marathi_122.wav|चिनू आज मला तुझी मदत हवी आहे, मटार सोलून दे बरं, बाबा पोळया लाटता लाटता म्हणाले
marathi_123|marathi_123.wav|नाखुषीनेच चिनूने मटार सोलायला घेतले, त्यानंतर तांदूळ निवडले
marathi_124|marathi_124.wav|बापरे किती वेळ लागतो हे करायला, चिनू वैतागला
marathi_125|marathi_125.wav|बाबाही बराच वेळापासून स्वयंपाकघरात होते पण त्यांच्या फक्त पोळया आणि भाजी करुन झाली होती
marathi_126|marathi_126.wav|अजून कुकर लावायचा बाकी होता
marathi_127|marathi_127.wav|हो ना रे चिनू, आपण इतका वेळ स्वयंपाकघरात आहोत पण दोनच पदार्थ करु शकलो
marathi_128|marathi_128.wav|आई रोज सकाळ, दुपार, संध्याकाळ इतके पदार्थ कसे करत असेल, ते सुध्दा आपली अजिबातच मदत नसतांना
marathi_129|marathi_129.wav|बाबाच्या ह्या प्रश्नाने चिनूला आपले संध्याकाळचे वागणे आठवले
marathi_130|marathi_130.wav|ताप आलेला असतांनाही आपण आईशी किती वाईट बोललो हे आठवून त्याला खूप वाईट वाटले
marathi_131|marathi_131.wav|धावतच तो आईच्या खोलीत गेला
marathi_132|marathi_132.wav|आईच्या जवळ जाऊन तिला म्हणाला, आई मला माफ कर, तू आमच्यासाठी किती कष्ट घेतेस
marathi_133|marathi_133.wav|मी मात्र तुला बर नसतांनाही खायला करायचा हटट केला
marathi_134|marathi_134.wav|कधी कधी तर तू प्रेमाने कलेले, मी मात्र आवडत नाही म्हणून सरळ टाकून देतो
marathi_135|marathi_135.wav|चिन्यमचे हे बोलणे ऐकून आईने त्याला जवळ घेतले
marathi_136|marathi_136.wav|बाबाही समाधानाने स्वयंपाकघरात जेवणाची पान घ्यायला वळला
marathi_137|marathi_137.wav|मोंटूचे बाबा त्यांच्या ऑफिसच्या कामानिमित्त देशात परदेशात जात असत
marathi_138|marathi_138.wav|मोंटूचा मामाही अमेरिकेत होता, त्यामुळे सतत मोंटूला चॉकलेटचे विविध प्रकार खायला मिळत
marathi_139|marathi_139.wav|चॉकलेट खातांना त्याला मजा येत असे परंतु चूळ भरायला किंवा दात घासायला मोंटूला प्रचंड कंटाळा होता
marathi_140|marathi_140.wav|हळूहळू त्याचा परिणाम दिसू लागला
marathi_141|marathi_141.wav|मोंटूचे वजन वाढायला लागले होते, त्याचे दात काळे होऊन किडायला लागले होते
marathi_142|marathi_142.wav|कधी जर खूप थंड किंवा अती गरम पदार्थ खाल्ले तर त्याच्या दातातून कळा येत असत
marathi_143|marathi_143.wav|ती कुठल्याही क्षणी आपल्या घरातून उडून जाऊ शकते
marathi_144|marathi_144.wav|अशा वेळी त्याला अत्यंत रडू येत असे
marathi_145|marathi_145.wav|आईबाबा त्याला ह्या गोष्टीवरुन खूप समजावत पण त्याला अजिबात समजावून घ्यायचे नसायचे
marathi_146|marathi_146.wav|एके दिवशी झोपलेला असतांना त्याला कुणाचा तरी रडण्याचा आवाज आला
marathi_147|marathi_147.wav|त्याने इकडे तिकडे पाहिले परंतु कोणी दिसेना
marathi_148|marathi_148.wav|थोडयावेळाने आवाज अधिक मोठा झाला
marathi_149|marathi_149.wav|त्याने नीट कानोसा घेतल्यावर लक्षात आले की आवाज तर त्याच्या तोंडातून येत आहे
marathi_150|marathi_150.wav|त्याला अजिबात कळेना म्हणून त्याने आरश्यासमोर आ करुन मोठे तोंड उघडले, तर चक्क त्याचे मागचे चार दात म्हणजेच दाढा रडत होत्या
marathi_151|marathi_151.wav|मोंटू तू आमची नीट काळजी न घेतल्यामुळे बघ काय झाले
marathi_152|marathi_152.wav|मी कुठे काय केले, मोंटू ओशाळून म्हणाला
marathi_153|marathi_153.wav|हो तूच हे सगळे केलेस, रोज आठ-दहा चॉकलेट्स खायचास, खाल्ल्यावर चूळ भरायचा नाहीस, रात्री दात घासायचा नाहीस, सकाळचे तुझे दात घासणेही घाईचेच असते
marathi_154|marathi_154.wav|त्यामुळे चॉकलेट आणि अन्नाचे सगळे कण आमच्या दातात अडकून रहातात
marathi_155|marathi_155.wav|दिवसरात्र अडकून बसल्यामुळे आम्हाला किड लागली आहे, आमचा पांढराशुभ्र रंग तर काळाकुट्ट झाला आहे
marathi_156|marathi_156.wav|मोंटू दातांचे बोलणे ऐकून अधिकच ओशाळला
marathi_157|marathi_157.wav|दात पुढे म्हणाले, आता तू कुठलाही गरम किंवा गार पदार्थ खाल्ला की आम्हाला किती त्रास होतो माहिती आहे, जोरदार ठणका बसतो
marathi_158|marathi_158.wav|डॉक्टर काकांकडे गेल्यावर आता ते आम्हाला काढून टाकणार, तुझ्या हलगर्जीपणामुळे आमचे घर जाणार आहे
marathi_159|marathi_159.wav|मोंटू अरे उठ, शाळेत जायची वेळ झाली आहे, आईची हाक आली
marathi_160|marathi_160.wav|मोंटू दचकून जागा झाला
marathi_161|marathi_161.wav|अरे म्हणजे हे फक्त स्वप्न होते तर, मोंटूला अगदी हुश्श झाले
marathi_162|marathi_162.wav|मात्र त्याने निश्चय केला दातांची काळजी घेण्याचा आणि दात घासायला बाथरुम मध्ये पळाला
marathi_163|marathi_163.wav|मिता कोकणातल्या छोटया खेड्यात रहायची
marathi_164|marathi_164.wav|तिचे गाव शांत, सुंदर आणि समुद्राकाठी वसलेले होते
marathi_165|marathi_165.wav|तिचे बाबा मासळी विकायचे आणि आई घरी पापड, लोणची करुन विकायची, ह्यावर त्यांच्या कुटूंबाचा उदर निर्वाह चालत असे
marathi_166|marathi_166.wav|रोज सकाळी पहाटे उठून मिताही त्यांच्या बरोबर समुद्र किनारी जात असे
marathi_167|marathi_167.wav|तिला सकाळच्या उन्हात चमकणारी समुद्राची वाळू खूप आवडत असे
marathi_168|marathi_168.wav|वाळूत ती अनेक प्रकारची नक्षी काढत असे
marathi_169|marathi_169.wav|समुद्रातले अनेक रंगी मासेही तिला खूप आवडत असत
marathi_170|marathi_170.wav|तिचे बाबा मासे पकडत तेंव्हा जाळ्यात अडकलेल्या माश्यांची तडफड तिला अस्वस्थ करुन जात असे
marathi_171|marathi_171.wav|तिने एक दिवस तिच्या बाबांना विचारले, बाबा, आपल्या सारखेच सगळ्यांनी रोजच मासे पकडले तर समुद्रातले मासे एक दिवस संपून जातील
marathi_172|marathi_172.wav|मग सगळ्यांनी बाजारात जाऊन विकायचे काय आणि खायचे काय, मिताच्या ह्या प्रश्नावर आई-बाबा दोघांनाही हसू आले
marathi_173|marathi_173.wav|त्या दिवशी रात्री मिताच्या आईला अस्वस्थ करणारे स्वप्न पडले
marathi_174|marathi_174.wav|तिने स्वप्नात पाहिले की समुद्रातले सगळे मासेच संपून गेले आहेत, त्यामुळे त्यांना पैसे मिळणेच कठीण झाले आहे
marathi_175|marathi_175.wav|आईने मिताच्या बाबांनाही हे स्वप्न सांगितले
marathi_176|marathi_176.wav|दुसर्या दिवशी सकाळी उठल्यावर नेहमीप्रमाणे समुद्रावर जाण्याची तयारी झाली
marathi_177|marathi_177.wav|मिताने बघितले की तिच्या आईने मासे ठेवण्याच्या नेहमीच्या टोपलीपेक्षा आकाराने लहान टोपली घेतली होती
marathi_178|marathi_178.wav|तिला काही कळले नाही पण न विचारताच ती शाळेत गेली
marathi_179|marathi_179.wav|आल्यावर मिताने बघितले तर तिचे बाबा नारळाच्या झावळ्या करत होते, आई पापड करण्यात गुंग होती
marathi_180|marathi_180.wav|आज दोघेही जण मासळी बाजारातून लवकर घरी आले होते
marathi_181|marathi_181.wav|मिताने त्याबद्दल विचारताच आई म्हणाली, मिता तुझ्या प्रश्नाने आम्हाला विचार करायला भाग पाडले आहे
marathi_182|marathi_182.wav|आजपासून आम्ही ठरवले आहे की आवश्यकते नुसारच आपल्याला जितके मासे हवेत तितके मासे घ्यायचे
marathi_183|marathi_183.wav|अधिक घेण्याचा हव्यास करायचा नाही
marathi_184|marathi_184.wav|आपला खर्च भागवण्यासाठी आम्ही इतरही उद्योग करायचे ठरवले आहेत, पण त्यासाठी निसर्गाची हानी मात्र अजिबात करायची नाही
marathi_185|marathi_185.wav|आईचे बोलणे ऐकून मिताने तिला अत्यानंदाने मिठी मारली
marathi_186|marathi_186.wav|मंजूच्या बोटांना जन्मापासूनच आपल्या सारखी पेरं नव्हती
marathi_187|marathi_187.wav|तिला वस्तू धरतांना, लिहीतांना, बटण लावतांना अशी रोजची कामे करतांना खूपच त्रास व्हायचा
marathi_188|marathi_188.wav|पण मंजू जिद्दीने स्वतःची कामे कोणाचीही मदत न घेता पूर्ण करायची
marathi_189|marathi_189.wav|मंजूला चित्रकलेची खूपच आवड होती, चित्र काढतांना तिला वेळेचे भान राहत नसे
marathi_190|marathi_190.wav|एका रविवारी सकाळी तीन तास बसून बागेचे सुंदर चित्र रंगवले
marathi_191|marathi_191.wav|चित्र पाहताच आईने आनंदाने मंजूला जवळ घेत म्हटले, मंजू, तुझ्या हातात कला आहे, त्याला अधिकाधिक वाढवायचा प्रयत्न कर
marathi_192|marathi_192.wav|आईच्या बोलण्याचा मंजूवर खोलवर परिणाम झाला
marathi_193|marathi_193.wav|त्या रात्री आईबाबांचे बोलणे मंजूच्या कानावर पडले
marathi_194|marathi_194.wav|आई म्हणत होती, अहो, आता शाळेत स्पर्धा आहेत, आपण मंजूला नवीन रंग आणि काही कागद घेऊन देऊ या का
marathi_195|marathi_195.wav|त्यावर बाबा वैतागलेल्या सुरात म्हणाले, अगं, महागई किती वाढलेली आहे, शिक्षणाच्या भविष्याच्या द्रुष्टीने कितीतरी पैसा साठवायचा आहे
marathi_196|marathi_196.wav|रंगाचे पैसे खर्च करणे आपल्याला शक्य नाही, तसे ही हातामुळे मंजूला फार काळ चित्रकला करता येईल असे मला वाटत नाही
marathi_197|marathi_197.wav|वडीलांचे हे शब्द ऐकून मंजूला रडूच कोसळले
marathi_198|marathi_198.wav|सकाळी काढलेले चित्र तिने फाडून टाकले
marathi_199|marathi_199.wav|दुसर्या दिवशी उठल्यावर मंजू आईला स्वयंपाकात मदत करायला आली
marathi_200|marathi_200.wav|आईने आश्चर्याने तिला त्याबद्दल विचारले
marathi_201|marathi_201.wav|मंजूने कालचे संभाषण ऐकल्याचे सांगितले
marathi_202|marathi_202.wav|आईच्या डोळयात पाणी आले, तिने मंजूला कुशीत घेत म्हटले, मंजू आपल्या अपंगत्वावर आपणच मात करायला शिकले पाहिजे
marathi_203|marathi_203.wav|तुला माहिती आहे विल्मा रुडाल्फ ही अमेरिकन खेळाडू पोलिओमुळे दोन्ही पायांनी अपंग होती
marathi_204|marathi_204.wav|पण मेहनत आणि जिद्दीच्या जोरावर तिने ऑलिंपिक स्पर्धेत तीन सुवर्ण पदके मिळवून जागतिक विक्रम केला होता
marathi_205|marathi_205.wav|मंजू तुझी स्थिती तर ह्यापेक्षा कितीतरी चांगली आहे, तुझ्या ह्या वाटचालीत तुला अनेक अडचणी येणारच आहेत त्यावर मात करायला शिक
marathi_206|marathi_206.wav|आईच्या बोलण्याने मंजूला खूपच हुरुप आला
marathi_207|marathi_207.wav|आईला घटट मिठी मारत मंजू म्हणाली, हो आई, जर विल्मा करु शकते तर मी का नाही
marathi_208|marathi_208.wav|आठवडयाभराने नीनाचा वाढदिवस होता
marathi_209|marathi_209.wav|वाढदिवसाला काय काय आणायचे ह्याची यादी ती तिच्या बाबांना समजावून सांगत होती
marathi_210|marathi_210.wav|चॉकलेट केक, दहा मेणबत्त्या, पावभाजी आणि हो त्या दिवशी घालण्यासाठी खास सीमाचा निळ्या टिकल्यांचा फ्रॉक
marathi_211|marathi_211.wav|सीमा नीनाची मावस बहीण होती
marathi_212|marathi_212.wav|शाळेच्या स्नेहसम्मेलनात सीमाला परीची भूमिका करायची होती म्हणून तिच्या आईने खास निळा फ्रॉक आणला होता
marathi_213|marathi_213.wav|नीनाला तो फ्रॉक खूपच आवडल्यामुळे वाढदिवसाच्या दिवशी तो घालायचा म्हणून हट्ट करत होती
marathi_214|marathi_214.wav|नीनाच्या आई-बाबांना तिला कसे समजवावे हेच समजेना
marathi_215|marathi_215.wav|तिच्या अशा स्वार्थी आणि अविचारी वागण्याचे त्यांना वाईटही वाटत होते
marathi_216|marathi_216.wav|होता होता वाढदिवसाचा दिवस उजाडला
marathi_217|marathi_217.wav|सकाळी झोपेतून उठल्यावर नीनाला आईबाबांनी जवळ घेऊन लाड केले
marathi_218|marathi_218.wav|गिफ्ट देण्यासाठी दोघांनीही तिला डोळे बंद करायला सांगितले, नीना खूपच उत्सुक होती
marathi_219|marathi_219.wav|हातात खोके ठेवल्यावर घाईने तिने ते उघडले आणि आत चक्क तिच्या आवडीचे चंदेरी रंगाचे, उंच टाचेचे बूट होते
marathi_220|marathi_220.wav|तिला खूप दिवसांपासून ते घ्यायचे मनात होते
marathi_221|marathi_221.wav|आई, आज मी निळ्या ड्रेसवर हे बूट घातल्यावर किती छान दिसतील नाही, नीनाने आईला मीठी मारत विचारले
marathi_222|marathi_222.wav|अगं, पण नीना आज हे बूट सीमा घालणार आहे, तिने तसे आम्हाला अधीच सांगून ठेवले आहे, आईने शांतपणे नीनाला समजावले
marathi_223|marathi_223.wav|अगं आई पण आज माझा वाढदिवस आहे मग सीमा कशी काय माझे बूट घालणार, नीना रागात म्हणाली
marathi_224|marathi_224.wav|नीना जर तू सीमाचा नाटकाचा फ्रॉक तिचे नाटक व्हायच्या आधीच घालू शकतेस तर सीमा तुझे बूट का घालू शकणार नाही, आईने विचारले
marathi_225|marathi_225.wav|आईच्या ह्या प्रश्नाने नीनाला निरुत्तर केले
marathi_226|marathi_226.wav|तिची चूक तिला उमगली, आपण सीमाच्या मनाचा विचार न करता आपण तिचा स्नेहसम्मेलनाचा ड्रेस घालायला मागितले ह्या बद्दल तिला वाईट वाटले
marathi_227|marathi_227.wav|पण सीमाने मात्र समजूदारपणे तिचा फ्रॉक काहीही तक्रार न करता घालायला दिला
marathi_228|marathi_228.wav|त्या क्षणी नीनाने कपाटातून फ्रॉक काढून सीमाला दिला आणि तिची माफी मागितली
marathi_229|marathi_229.wav|आईबाबांनाही खूप आनंद झाला कारण त्यांची नीना आज खऱ्या अर्थाने मोठी झाली होती
marathi_230|marathi_230.wav|भुवनचे आईबाबा बंगलोर सारखे मोठे शहर सोडून चिकमंगळूर सारख्या छोट्या गावी राहायला आले
marathi_231|marathi_231.wav|बऱ्याच दिवसांपासून त्यांना शहरातले प्रदुषण, आवाज, धूळ आणि वेगवान आयुष्यापासून दूर शांततेत जगायचे होते
marathi_232|marathi_232.wav|त्यांनी विचार केला आठ वर्षाच्या भुवनला ह्या छोटया गावात जुळवून घेणे सहज शक्य होईल
marathi_233|marathi_233.wav|भुवनला मात्र त्याच्या नवीन शाळेचे मित्र अजिबात आवडले नव्हते
marathi_234|marathi_234.wav|बंगलोरच्या शाळेचे मित्र अत्यंत स्मार्ट होते
marathi_235|marathi_235.wav|नवीन गावातल्या शाळेचे मित्र मात्र त्याला इतके स्मार्ट वाटत नसत
marathi_236|marathi_236.wav|ही मुले इंग्रजीत न बोलता सतत आपल्या मातृभाषेत म्हणजेच कन्नडात बोलत आणि डब्यात दहीभात आणत असत
marathi_237|marathi_237.wav|भुवन त्या मुलांपासून अलिप्त राहत असे त्यामुळे वर्गातली मुले त्याच्याशी बोलायला उत्सुक नसत
marathi_238|marathi_238.wav|भुवनला त्यांच्या सारखे झाडावर चढणे, मोठयांची सायकल चालवणे व गावाकडचे खेळ खेळणे अजिबात जमत नसे
marathi_239|marathi_239.wav|वर्गातही अभ्यास करतांना भुवन सतत शिक्षकांच्या पुढे पुढे करायचा त्यामुळे वर्गातली इतर मुले त्याला आपल्यापेक्षा हुशार आणि वेगळा समजत असत
marathi_240|marathi_240.wav|अशामुळे शाळेत येऊन इतके दिवस झाले तरी त्याला कुणीच मित्र मिळाले नव्हते, भुवन अगदी एकटा पडला होता
marathi_241|marathi_241.wav|एके दिवशी तो असाच उदास बसला होता
marathi_242|marathi_242.wav|माझ्याशी कोणी मैत्री का करत नाही, मला कुणीच खेळायलाही बोलवत नाही, ह्या गावात येऊन मी अगदी एकटा पडलो आहे, असे म्हणतांना भुवनला अगदी रडू येत होते
marathi_243|marathi_243.wav|असे म्हणत असतांनाच त्याच्या टेबलवर एक पिवळा-नारिंगी प्रकाश भुवनला दिसला
marathi_244|marathi_244.wav|त्या पाठोपाठ डोक्यावर सोनेरी मुकूट घातलेली दीड फूट उंचीची छोटी परी अवतरली
marathi_245|marathi_245.wav|भुवन रडणे थांबवून तिच्याकडे पाहू लागला
marathi_246|marathi_246.wav|परी म्हणाली, भुवनबाळा तुझे दुःख मी जाणते, सगळी मुले तुझ्याशी खेळायला लागतील, मैत्री करतील, मात्र त्यासाठी तुला बरेच बदलावे लागेल, आहेस तयार ह्या सार्यांसाठी
marathi_247|marathi_247.wav|भुवनने आनंदाने आपली मान हलवली, तिने तथास्तु म्हटले
marathi_248|marathi_248.wav|दुसर्या दिवशी शाळेत चित्रकलेची स्पर्धा होती, भुवनची चित्रकला उत्तमच होती
marathi_249|marathi_249.wav|स्पर्धेसाठी खास त्याच्या बाबांनी त्याला नवीन रंगपेटी बक्षीस दिली होती, पण आज भुवनने वेगळाच निश्चय केला होता
marathi_250|marathi_250.wav|शाळेत गेल्याबरोबर त्याने चित्रकलेच्या वृंदा मॅडमला सांगितले की बर वाटत नसल्यामुळे त्याला स्पर्धेत भाग घ्यायचा नाहीये
marathi_251|marathi_251.wav|त्याने आपली नवीन रंगपेटीही वर्गातल्या मुलांना वापरायला दिली
marathi_252|marathi_252.wav|वर्गातल्या मुलांना खूपच आश्चर्य वाटले
marathi_253|marathi_253.wav|मधल्या सुट्टीत भुवन वेगळा न बसता स्वतःहून मुलांच्या गोलात सामील झाला
marathi_254|marathi_254.wav|आईने स्पर्धेच्या दिवसासाठी खास म्हणून डब्यात दिलेला पाईनऍपल केक सगळ्या मुलांना वाटला
marathi_255|marathi_255.wav|सगळ्या मुलांनी मिटक्या मारत आणि भुवनच्या आईचे कौतूक करत केक संपवला
marathi_256|marathi_256.wav|केक संपल्याचे भुवनला अजिबात वाईट वाटत नव्हते, उलट बदल म्हणून त्याने कविताने आणलेला दहीभात खाल्ला
marathi_257|marathi_257.wav|इतक्यात आदित्य आणि ऋषी तेथे आले आणि म्हणाले, भुवन तुझे टॅटू तू आमच्या कंपासमध्ये टाकलेस का, आम्हाला कितीतरी दिवसांपासून ते हवे होते
marathi_258|marathi_258.wav|भुवनेही मान डोलावली पण त्याला माहीत होते की हे सारे छोटया परीने केले आहे, त्याने तिला मनोमन धन्यवाद दिले
marathi_259|marathi_259.wav|नंतर खेळाच्या तासाला राघव भुवनला मोठी सायकल चालविण्याचा आग्रह करत होता
marathi_260|marathi_260.wav|तुला वाटते मला हे जमेल, भुवनने भीतभीत त्याला विचारले
marathi_261|marathi_261.wav|मी आहे ना तुला शिकवायला, राघव आश्वासक आवाजात म्हणाला
marathi_262|marathi_262.wav|भुवनने चक्क मोठी सायकल चालवून बघितली
marathi_263|marathi_263.wav|थोडयाच वेळात भुवन सार्या मुलांबरोबर खेळत होता, मस्ती करत होता, हसत खिदळत होता
marathi_264|marathi_264.wav|चिकमगलूरला आल्यापासून आजचा त्याचा दिवस खूपच आनंदात गेला होता
marathi_265|marathi_265.wav|एका दिवसात अचानक त्याला खूप मित्रमैत्रिणी मिळाल्या होत्या
marathi_266|marathi_266.wav|रात्री घरी जाऊन त्याने परीला बोलावले पण ती काही आली नाही
marathi_267|marathi_267.wav|झोपल्यावर मात्र परी त्याच्या स्वप्नात आली
marathi_268|marathi_268.wav|भुवनला म्हणाली, भुवन आज तुला मी मुलांशी मैत्री करायला मदत केली, आता तू स्वतःहून मित्र जोडले पाहिजेस
marathi_269|marathi_269.wav|तू गुणी मुलगा आहेसच परंतु सर्व मित्रांना मदत करायला आणि त्यांच्या बरोबर जुळवून घ्यायला तुला शिकलेच पाहीजे, त्यामुळे तू सर्वात 'बेस्ट' होशील
marathi_270|marathi_270.wav|भुवन परीचे म्हणणे ऐकून स्वप्नातच मान डोलवत होता
marathi_271|marathi_271.wav|विनित आणि अनिकेतची दाट मैत्री होती
marathi_272|marathi_272.wav|त्यांच्या तिसरीच्या वर्गाची ट्रीप डोंगरावर जाणार आहे असे प्राची टिचरनी सांगताच सर्व मुले आनंदाने 'हुर्रे' ओरडली
marathi_273|marathi_273.wav|होता होता तो दिवस उजाडला आणि सारी मुले सकाळी ठीक सात वाजता शाळेत हजर झाली
marathi_274|marathi_274.wav|बस लगेचच सुटल्यामुळे सगळी मुलं खूपच एक्साईट झाली होती
marathi_275|marathi_275.wav|सगळ्यांनी खाऊची अगदी जय्यत तयारी करुन आणली होती
marathi_276|marathi_276.wav|साडे आठला गाडीतच सगळयांनी ब्रेकफास्ट करायचा ठरला
marathi_277|marathi_277.wav|सर्वांनी आपापले डबे उघडले, विनितनेही डब्यात आणलेला शिरा आणि ऍपलचा चट्टामट्टा करायला सुरूवात केली
marathi_278|marathi_278.wav|अनिकेत मात्र कोल्डड्रिंक्स आणि भलमोठं वेफर्सच पाकीट खात होता
marathi_279|marathi_279.wav|होता होता बस डोंगराच्या पायथ्याशी पोहोचली
marathi_280|marathi_280.wav|सगळी मुले खाली उतरल्यावर टिचरनी सांगितले, मुलांनो उंचावरची लेणी पाहण्यासाठी आपल्याला डोगंर चढायचा आहे
marathi_281|marathi_281.wav|मुलं तर काय तयारच होती
marathi_282|marathi_282.wav|सर्वांनी आपल्या बॅगपॅक पाठीवर टाकल्या, टोप्या घातल्या आणि चढायला सुरूवात केली
marathi_283|marathi_283.wav|मधून मधून उत्साह वाढावा म्हणून टिचर त्यांना 'हर हर महादेव' म्हणायला सांगत होत्या
marathi_284|marathi_284.wav|मुलांनाही आरोळया देतांना अगदी शिवाजीचे मावळे झाल्यासारखे वाटत होते
marathi_285|marathi_285.wav|जसे जसे हे मावळे वर जात होते तसा त्यांचा उत्साह कमी कमी होत होता, त्यांना दम लागत होता
marathi_286|marathi_286.wav|बरेच जण थांबत थांबत चढत होते तर काहीजण सारखे पाणी पीत होते
marathi_287|marathi_287.wav|डोंगर चढायचा उत्साह फारच थोडया मुलांमध्ये शिल्लक होता अपवाद फक्त विनितचा, तो सर्वात आधी डोंगरावर जाऊन पोहोचला
marathi_288|marathi_288.wav|विनितच्या मागोमाग सगळे पोहोचल्यावर त्यांनी फिरुन डोंगर आणि लेणी पाहिली
marathi_289|marathi_289.wav|संध्याकाळ होत आल्यामुळे खाली उतरणे आवश्यक होते
marathi_290|marathi_290.wav|प्राची टिचरनी सगळयांना जवळ बोलावले आणि त्या मुलांना समजावत म्हणाल्या, आज बहुतेक मुलांना डोंगर चढतांना दम लागला, अनिकेत तर सर्वात मागे राहिला होता
marathi_291|marathi_291.wav|तुमच्यात न दमता जर कोणी डोंगर चढला असेल तर तो आहे विनित, असं का माहिती आहे का, मुलांनी नाहीच्या माना डोलावल्या
marathi_292|marathi_292.wav|टिचरनी कारण समजावत सांगितले, विनित अजिबात जंकफुड खात नाही
marathi_293|marathi_293.wav|आईने केलेले पदार्थ कुरकूर न करता मनापासून जेवतो, त्यामुळे त्याच्या शरीराचे चांगले पोषण होऊन शक्ती वाढते
marathi_294|marathi_294.wav|दररोज सकाळी व्यायाम केल्यामुळे त्याचा स्टॅमीना पण वाढला आहे
marathi_295|marathi_295.wav|तुम्ही जर त्याच्या सारखे वागलात तर तुमचाही स्टॅमीना वाढून न दमता तुम्हीही डोंगर चढू शकाल
marathi_296|marathi_296.wav|कधीतरी बदल म्हणून वेफर्स, बिस्किटे खायला हरकत नाही, पण संपूर्ण जेवण त्यावर नको
marathi_297|marathi_297.wav|मुलांनी मोठयाने हो म्हटले आणि उडया मारत डोंगर उतरायला सुरूवात केली
marathi_298|marathi_298.wav|टीना तिच्या आई-वडिलांची एकुलती एक मुलगी होती म्हणून तिचे सर्व लाड पुरवले जात होते
marathi_299|marathi_299.wav|तिला कुठल्याही गोष्टीला नाही ऐकायची सवय नव्हती
marathi_300|marathi_300.wav|मागितलेली गोष्ट मिळाली नाही की ती रडून घर डोक्यावर घेत असे
marathi_301|marathi_301.wav|खाऊ, पुस्तक, खेळ असे काही सुध्दा आपल्या मित्र-मैत्रिणींबरोबर शेअर करायची नाही, उलट त्यांच्यावर दादागिरी करायची
marathi_302|marathi_302.wav|यामुळे टीनाला वर्गात एकही मित्रमैत्रिण नव्हते, हया गोष्टीचे टीनाच्या आईला खूप वाईट वाटायचे
marathi_303|marathi_303.wav|एकदा टीनाच्या वर्गात गौरी नावाची नवीन मुलगी आली, नवीन असल्यामुळे टीचरांनी तिला टीना शेजारी बसवले
marathi_304|marathi_304.wav|टीना अर्थातच स्वत:हून तिच्याशी बोलायची नाही, पण गौरी मात्र तिच्याशी बोलायची आणि टीना सांगेल तसे वागायचीसुध्दा
marathi_305|marathi_305.wav|परीक्षेत गणितात गौरी नापास झाली आणि टीनाला मात्र पैकीच्या पैकी मार्कस मिळाले
marathi_306|marathi_306.wav|टीनाच्या आईला कळल्यावर आई म्हणाली, टीना, अग तुला गौरीला मदत करायला हवी, तुला जर एखादी गोष्ट येत नसेल तर तू तिला समजावून सांगायला हवीस
marathi_307|marathi_307.wav|टीनाने आईकडे सरळ दुर्लक्ष केले
marathi_308|marathi_308.wav|मग मात्र आईने सांगून टाकले, जर टीना गौरीला मदत करणार नसेल तर तिला घरात कार्टून पाहता येणार नाही
marathi_309|marathi_309.wav|हे ऐकल्यावर नाईलाजाने टीनाने गौरीला मदत करायचे ठरवले
marathi_310|marathi_310.wav|आता टीना गौरीला रोज गणित शिकवू लागली
marathi_311|marathi_311.wav|रोजच्या मेहनतीचे फळ त्यांना मिळाले आणि पुढच्या परीक्षेत गौरीला गणितात उत्तम मार्कस मिळाले
marathi_312|marathi_312.wav|गौरीने सर्व वर्गासमोर टीनाचे आभार मानले, पण टीनाला मात्र त्याचे काहीच वाटले नाही
marathi_313|marathi_313.wav|तिने तर कार्टून बंद होईल हया भीतीने मदत केली होती
marathi_314|marathi_314.wav|निर्मळ मनाची गौरी टीनाला मदतीची परतफेड कशी करता येईल हयाची संधी शोधत होती
marathi_315|marathi_315.wav|एकदा टीना आणि वर्गातल्या साहीलचे भांडण झाले
marathi_316|marathi_316.wav|टीनाने त्याला 'इडियट' म्हटले, हे शब्द टिचरनी ऐकल्यावर टीनाला शिक्षा म्हणून संपूर्ण शाळा झाडायला सांगितली
marathi_317|marathi_317.wav|टीनाला तर रडूच फूटले, एवढी मोठी शाळा कशी झाडायची आणि घरी कधी जायचं, ह्याच काळजीत टीना होती
marathi_318|marathi_318.wav|परंतु त्याचवेळेला गौरी टीनाच्या मदतीला आली
marathi_319|marathi_319.wav|टीना आणि गौरीने संपूर्ण शाळा झाडून काढली
marathi_320|marathi_320.wav|टीनाला गौरीच्या चांगूलपणाची जाणीव झाली, तिने गौरीचे आभार मानले
marathi_321|marathi_321.wav|तेव्हापासून दोघींची छान गट्टी तर जमलीच पण टीनानेही सर्वांना मदत करायला, मिळून मिसळून वागायला सुरूवात केली
marathi_322|marathi_322.wav|एका गावाच्या बाजूला एक मोठा डोंगर होता
marathi_323|marathi_323.wav|या डोंगरावर वेगवेगळया फळांच्या फळबागा होत्या
marathi_324|marathi_324.wav|सुंदर सुवासिक फुलांच्या फुलबागा होत्या, भाज्यांचे मळे होते
marathi_325|marathi_325.wav|मुलांसाठी खेळायला मस्त प्रशस्त बाग होती
marathi_326|marathi_326.wav|बागेत थुईथुई उडणांरं कारंजं होतं
marathi_327|marathi_327.wav|या बागेतून त्या बागेत जायला लाल नागमोडी रस्ते होते
marathi_328|marathi_328.wav|डोंगराच्या वरच्या बाजूला घनदाट जंगल होतं, या डोंगरावर झुळझुळणारे झरे होते, तुडुंब भरलेल्या विहिरी होत्या
marathi_329|marathi_329.wav|एक छोटसं पण काठोकाठ भरलेलं तळ होतं, तळयात सुळसुळणारे मासे होते
marathi_330|marathi_330.wav|फक्त पावसाळयातच कोसळणारा पांढराशुभ्र धबधबा होता
marathi_331|marathi_331.wav|सगळया गावाचं या डोंगरावर फार प्रेम होतं
marathi_332|marathi_332.wav|गावात आलेले पाहुणे मुद्दामहून हा डोंगर पाहायला जायचे
marathi_333|marathi_333.wav|पाहुणे जंगलात फिरायचे, रानमेवा खायचे, विहिरीत पोहायचे
marathi_334|marathi_334.wav|फळबागेत फळं खाऊन झाडांखाली निवांत झोपायचे
marathi_335|marathi_335.wav|झ-यातले गोड गार पाणी पिऊन ताजेतवाने व्हायचे
marathi_336|marathi_336.wav|डोंगर उतरतांना सोबत फळं फुलं घेऊन जायचे
marathi_337|marathi_337.wav|मुलं बागेत खेळायची, कारंज्यात भिजायची, मजा करायची
marathi_338|marathi_338.wav|सगळे कौतूकाने म्हणत, अजबच डोंगर आहे
marathi_339|marathi_339.wav|हा डोंगर मात्र मनातून नाराजच होता, बैचेन होता
marathi_340|marathi_340.wav|डोंगराला वाटे, छोटी छोटी झाडं मोठी झाली की त्याचं जंगल होतं, त्यांच्या फळबागा होतात
marathi_341|marathi_341.wav|लहान लहान झरे मोठे झाले, एकत्र आले की त्यांची नदी होते
marathi_342|marathi_342.wav|पाणी ऊंच उडू लागलं तर त्याचं कारंजं होतं
marathi_343|marathi_343.wav|पायवाट मोठी झाली की त्याचा मोठा रस्ता होतो
marathi_344|marathi_344.wav|आपण कधीच मोठं होतं नाही, आपली कधीच वाढ होत नाही
marathi_345|marathi_345.wav|आपण सगळयांना मदत करायची, सगळयांना ऊर्जा पुरवायची, सगळया सगळयांना आनंदी करायचं, पण तरीही, आपली झीजच होते!
marathi_346|marathi_346.wav|मी अशाने हळू हळू खचूनच जाईन, माझी कुणालाच काळजी नाही
marathi_347|marathi_347.wav|डोंगर आपल्याच विचारात गढून गेला
marathi_348|marathi_348.wav|डोंगरावरच्या झाडांना, झ-यांना व रस्त्यांना डोंगराच्या मनातलं कळलं
marathi_349|marathi_349.wav|डोंगरावरची झाडं हसली, सळसळली
marathi_350|marathi_350.wav|झाडं म्हणाली, अरे डोंगरा, तुझ्यामुळेच तर आम्ही आहोत, आम्ही आमच्या मुळांनी तुला असं घट्ट धरून ठेवलंय की तुझी झीज होणारच नाही !
marathi_351|marathi_351.wav|कडक उन्हाळयात जेव्हा ऊन तापू लागतं, तेव्हा आम्ही आमची सारी पानं तुझ्यावर अंथरतो आणि आम्ही मात्र निष्पर्ण होऊन उन्हात तापत राहतो अतिशय आनंदाने
marathi_352|marathi_352.wav|तुझ्या पोटातलं थोडस पाणी पितो आम्ही, पण तशीच सावली ही देतो तुला
marathi_353|marathi_353.wav|हे ऐकून डोंगराचं मन भरून आलं
marathi_354|marathi_354.wav|डोंगरावरचा झळा जरा खळाळला, दगडाजवळ बुडबुडला
marathi_355|marathi_355.wav|झरा डोंगराला म्हणाला, अरे डोंगरा, तुझ्याच अंगाखांद्यावरून आम्ही वाहतो, बागडतो, आम्हाला आहेच की तुझी काळजी
marathi_356|marathi_356.wav|आम्ही म्हणजे, तू पाणी पिऊन तृप्त झाल्यावर टाकलेल्या चुळा
marathi_357|marathi_357.wav|भर उन्हाळयात तुला गारवा वाटावा, म्हणून तर त्यावेळी आम्ही तुझ्या पोटात असतो आणि पावसाळयात, तुझ्यावरचा सगळा कचरा, गाळ वाहून नेतो
marathi_358|marathi_358.wav|तुला चांगलं स्वच्छ करतो आणि पुढच्या उन्हाळयासाठी तुझ्यावरच्या विहिरी, तळं भरून ठेवतो
marathi_359|marathi_359.wav|हे ऐकून डोंगराचे डोळे पाणावले
marathi_360|marathi_360.wav|डोंगरावरचा रस्ता उधळला, डोंगराला बिलगला
marathi_361|marathi_361.wav|रस्ता डोंगराला म्हणाला, अरे डोंगरा, आम्ही, तुझ्यावरच चालतो, तुझ्यातूनच वळतो, त्यातुनच वाट काढतो आणि वाटसरूंना वाट दाखवितो
marathi_362|marathi_362.wav|मग ते फळं खाऊन, पाणी पिऊन समाधानी होतात
marathi_363|marathi_363.wav|फुलांचा वास घेऊन ताजेतवाने होतात, तेव्हा, ते सारे तुझंच कौतुक करतात, तुलाच आर्शिवाद देतात
marathi_364|marathi_364.wav|हा सारा गाव सुध्दा तुझ्यावरच प्रेम करतो ना, रे डोंगरा
marathi_365|marathi_365.wav|हे ऐकून डोंगराला थोडासाच आनंद झाला
marathi_366|marathi_366.wav|भल्यामोठया डोंगराचा इवलासा आनंद झाडांना, झ-यांना व रस्त्यांना समजला, कसं कुणास ठाऊक, पण गावातल्या मुलांना पण कळला
marathi_367|marathi_367.wav|मुले नाचत नाचत डोंगरावर गेली, बागेत खेळली, मातीत लोळली, विहिरीत पोहली
marathi_368|marathi_368.wav|मग फुलबागेतली फुलं घेऊन मुलांनी तो अख्खा डोंगर फुलांनी सजवला!
marathi_369|marathi_369.wav|हे पाहायला सारा गाव जमा झाला
marathi_370|marathi_370.wav|तेव्हा डोंगराला मनापासून, अगदी मनातल्या मातीपासून खूप आनंद झाला!
marathi_371|marathi_371.wav|सगळे म्हणाले अजबच आहे हा फूल डोंगर
marathi_372|marathi_372.wav|उत्तरवारा व सूर्यनारायण यांची अधिक श्रेष्ठ व शक्तीमान कोण, याबद्दल एकदा खूप हमरी-तुमरी झाली
marathi_373|marathi_373.wav|शेवटी ते सिध्द करण्याचा एक मार्ग त्यांनी निश्चित केला
marathi_374|marathi_374.wav|रस्त्याने जाणा-या एका प्रवाशाला त्याच्या अंगावरील कपडे काढायला लावण्यात जो यशस्वी होईल तोच श्रेष्ठ व विजयी होय, असे दोघांनी ठरविले
marathi_375|marathi_375.wav|पवनराजाने प्रवाशावर पहिला हल्ला केला
marathi_376|marathi_376.wav|सोसाटयाचा वारा सुटला, वा-याच्या त्या प्रचंड सोसाटयात सापडताच प्रवाशाने आपल्या अंगावरील कपडे आपल्या शरीराभोवती अधिक लपेटून घेतले
marathi_377|marathi_377.wav|इतकेच नाही, तर वा-याने जेंव्हा अधिक उग्र स्वरूप धारण केले, तेंव्हा तर त्या माणसाने आणखी एक वस्त्र आपल्या अंगाभोवती लपेटून घेतले
marathi_378|marathi_378.wav|अखेर कंटाळून जाऊन वा-याने आपण हरल्याचे कबूल केले, व त्या प्रवाशाला सूर्य नारायण कसे काय वागवतील, ह्या उत्सुकतेने वायुराज गंमत पाहू लागले
marathi_379|marathi_379.wav|सूर्य प्रथम उबदारपणे प्रकाशू लागला, तसा प्रवासी शांत झाला, त्याने बाहेरचे लपेटलेले वस्त्र बाजूस सारले
marathi_380|marathi_380.wav|हळुहळू आपली प्रखरता वाढवीत सूर्य तेजाने तळपू लागला
marathi_381|marathi_381.wav|अखेर उष्णता असह्य होत चालली, तसतशी आपल्या अंगावरील सारी वस्त्रे त्या प्रवाशाने एकामागून एक काढून टाकली
marathi_382|marathi_382.wav|या नंतरही उष्णता आणखी असह्य झाल्यावर तो प्रवासी जवळच्या नदीत अंघोळ करावयास उतरला
marathi_383|marathi_383.wav|बळजबरीपेक्षा कुशलपणे दुस-याचे मन वळविणे, हेच जगात अधिक यशकारक असते, हेच खरे
marathi_384|marathi_384.wav|झोटींगांपेक्षा प्रेमदेवताच जगाचा अधिक लवकर विकास करू शकते
marathi_385|marathi_385.wav|एका धनगराला एक नुकतेच जन्मलेले लांडग्याचे पिल्लू मिळाले
marathi_386|marathi_386.wav|ते त्याने आपल्या कुत्र्याच्या पिल्लांबरोबर वाढवले व मोठे केले
marathi_387|marathi_387.wav|ज्या ज्या वेळी एखादा लांडगा कळपातले मेंढरू पळवून नेई, तेंव्हा त्याचा पाठलाग करणा-या त्या धनगराच्या कुत्र्यांमध्ये तो पाळलेला लांडगा नेहमी सामील होई
marathi_388|marathi_388.wav|पण गंमत मात्र अशी की, त्यावेळी तो लांडगा त्या दरोडेखोर इतर लांडग्याचा पाठलाग करी
marathi_389|marathi_389.wav|अर्थात, धनगराचा लांडगाही शेवटी लांडगाच
marathi_390|marathi_390.wav|या चोरीमध्ये नंतर तो इतर लांडग्यांशी गुपचूप भागीदारी करी
marathi_391|marathi_391.wav|इतकेच नाही, तर बाहेरचे कोणी कळपातून मेंढरू न्यायला आले नाही तर, तो कळपांत वाढलेला लांडगा, स्वत:च गुपचूप एखादे मेंढरू ठार करी, व मेजवानीचा आनंद लुटी
marathi_392|marathi_392.wav|धनगर मात्र बेसावध होता आणि मुख्य म्हणजे, त्या लांडग्यावर विश्वासून होता
marathi_393|marathi_393.wav|एके दिवशी लांडग्याची बदमाशी धनगराच्या ध्यानी आली
marathi_394|marathi_394.wav|आपण इतकी वर्षे पाळलेल्या व स्वत:च मोठे केलेल्या त्या लांडग्याला धनगराने एका झाडाला लटकावून फाशी दिले
marathi_395|marathi_395.wav|वाट्टेल तो प्रयत्न केला, तरी पाणी वळणावरच जाणार
marathi_396|marathi_396.wav|दुष्टांचा नैसर्गिक दुष्टावा संस्काराने बदलून तो सज्जन होणे कधीच शक्य नाही
marathi_397|marathi_397.wav|धुळीने भरलेले दोन प्रवासी, थकलेले, भागलेले, वणवण उन्हामध्ये उघडया रखरखीत रस्त्यावरून चालत होते
marathi_398|marathi_398.wav|डोक्यावर भयंकर ऊन 'मी' म्हणत होते
marathi_399|marathi_399.wav|इतक्यात रस्त्याच्या कडेला त्यांना एक मोठे झाड दिसले
marathi_400|marathi_400.wav|मोठया आनंदाने ते तिकडे वळले, त्यांनी झाडाखाली आसरा घेतला
marathi_401|marathi_401.wav|विसाव्यासाठी त्यांनी तिथेच बसकण मारली
marathi_402|marathi_402.wav|दूरदूर विस्तारलेल्या झाडाच्या फांद्यांमुळे तिथे बराच गारवा होता
marathi_403|marathi_403.wav|प्रवाश्यांचा कासाविस जीव झाडाच्या सावलीमध्ये सुखावला
marathi_404|marathi_404.wav|विश्रांती घेता घेता तिथे पहुडलेल्या एकाची नजर झाडाच्या फांदीकडे गेली
marathi_405|marathi_405.wav|तो आपल्या सहप्रवाशाला म्हणाला, फुकट हे एवढं मोठ्ठं झाड आहे, फळं धरत नाही, काही नाही, काय उपयोग या झाडाचा माणसाला?
marathi_406|marathi_406.wav|ते ऐकल्यावर संतापून झाड म्हणाले, किती कृतघ्न रे तूं ! तापलेल्या उन्हातून इथे आलास तो माझा आसरा घेण्यासाठी
marathi_407|marathi_407.wav|या क्षणी प्रत्यक्ष माझ्या सावलीत बसलेला आहेस, तरीसुध्दा तू मला निरूपयोगी म्हणून हिणवत आहेस
marathi_408|marathi_408.wav|वेळेत न जेवल्यास शरीरस्वास्थ्य बिघडते
marathi_409|marathi_409.wav|जिवाचा अन्नमयकोष आणि प्राणमयकोष यांना शक्ती पुरवण्याचे कार्य अन्न करते
marathi_410|marathi_410.wav|प्राणमयकोषाचा मनोमयकोषावर परिणाम होतो
marathi_411|marathi_411.wav|अन्नाचे सेवन योग्य वेळेत केले नाही, तर देहाला अन्नशक्तीचा पुरेसा पुरवठा होत नाही
marathi_412|marathi_412.wav|त्यामुळे पेशींतील ऊर्जा घटून प्राणमयकोष दुर्बळ होत जातो
marathi_413|marathi_413.wav|स्थूलदेहाचा अशक्तपणा वाढून मनाचे कार्यही व्यवस्थित होत नाही
marathi_414|marathi_414.wav|या सर्वांचा परिणाम शरिराच्या कार्यक्षमतेवर होतो, त्यामुळे वेळेत अन्नग्रहण करणे शारीरिकदृष्ट्या आवश्यक आहे
marathi_415|marathi_415.wav|पाणी किती आणि कधी प्यावे याविषयी पुष्कळ मतभेद आढळतात
marathi_416|marathi_416.wav|या मतभेदांमुळे सामान्य माणसाच्या मनात संभ्रम निर्माण होतो
marathi_417|marathi_417.wav|आयुर्वेदामध्ये पाणी कधी प्यावे याविषयी पुढील सूत्र दिलेले आहे
marathi_418|marathi_418.wav|शरद आणि ग्रीष्म ऋतू वगळता निरोगी माणसाने दिवसभरात थोडेच पाणी प्यावे
marathi_419|marathi_419.wav|तहान आणि भूक लागणे हे देवाने माणसाला दिलेले वरदान आहे
marathi_420|marathi_420.wav|जेव्हा आपल्याला पाणी आणि अन्न यांची आवश्यकता असते, तेव्हा आपल्याला अनुक्रमे तहान आणि भूक लागते
marathi_421|marathi_421.wav|तहान लागते त्या वेळी एकाएकी घटाघट पाणी न पिता थोडे थोडे पाणी प्यावे, असे आयुर्वेद सांगतो
marathi_422|marathi_422.wav|संस्कृतमध्ये क म्हणजे पाणी आणि त्या कने, म्हणजे पाण्याने फलित होतो, तो कफ
marathi_423|marathi_423.wav|अनावश्यक पाणी प्यायल्यामुळे शरिरात कफदोष वाढून पचनशक्ती मंद होते
marathi_424|marathi_424.wav|काहीजणांना वैद्यांनी त्यांच्या रोगाला अनुसरून भरपूर पाणी पिण्यास सांगितलेले असते
marathi_425|marathi_425.wav|ते पाणी रोग्याने एकाएकी न पिता दिवसभरातून थोडे थोडे प्यावे
marathi_426|marathi_426.wav|ज्यांना पाव, ब्रेड यांसारखे मैद्याचे पदार्थ खाणे टाळता येत नाहीत, त्यांनी असे पदार्थ खातांना मध्ये मध्ये कोमट पाणी प्यावे, म्हणजे ते पदार्थ पचतात
marathi_427|marathi_427.wav|जेवतांना मधे मधे थोडे थोडे पाणी प्यावे, यामुळे पचन व्यवस्थित होते
marathi_428|marathi_428.wav|जेवणानंतर भरपूर पाणी प्यायल्यास व्यक्ती स्थूल होते, म्हणजे अनावश्यक चरबी वाढते
marathi_429|marathi_429.wav|जेवणापूर्वी पाणी प्यायल्यास भूक मंदावते, जेवण न्यून जाते आणि व्यक्ती कृश होते
marathi_430|marathi_430.wav|असे कृश होणे आरोग्याला अपायकारक असते
marathi_431|marathi_431.wav|जेवतांना मधे मधे थोडे थोडे पाणी पिणेच योग्य आहे
marathi_432|marathi_432.wav|जेवणात द्रव पदार्थ भरपूर असल्यास वेगळे पाणी पिण्याची आवश्यकता नसते
marathi_433|marathi_433.wav|बहुळा नदीच्या तीरावर सायगाव म्हणून एक गाव होतं
marathi_434|marathi_434.wav|गाव मोठा सुखी व समृद्ध होतं, तिथे नाना प्रकारचे धंदे चालत
marathi_435|marathi_435.wav|शेतकरी, विणकरी, रंगारी, पिंजारी, सोनार, सुतार, लोहार, कुंभार सर्व प्रकारचे लोक होते
marathi_436|marathi_436.wav|गावातबहुधा भांडण होत नसे, मारामारी होत नसे कोणी कोणाचा हेवादावा करीत नसे, सारे गुण्यागोविंदाने नांदत
marathi_437|marathi_437.wav|सायगावची एक विशिष्ट परंपरा होती, त्या गावचे लोक कधी राजाकडे न्याय मागायला जात नसत
marathi_438|marathi_438.wav|पाप करणारा असेल त्याला देव शिक्षा करीलच असे ते म्हणत
marathi_439|marathi_439.wav|पाप करणाऱ्याचे मन त्याला खातच असते, आणखी त्याला शिक्षा कशाला, असेही कोणी म्हणत
marathi_440|marathi_440.wav|जर गावात अपराध झालाच, तर सारे लोक देवळात जमत
marathi_441|marathi_441.wav|कोणी अपराध केला त्याची चौकशी होई
marathi_442|marathi_442.wav|अपराध करणाऱ्याचे नाव देवासमोर सांगण्यात येई, त्याला दुसरी शिक्षा नसे
marathi_443|marathi_443.wav|गावातील सर्व लहान-थोरांना अपराध करणाऱ्याचे नाव कळे
marathi_444|marathi_444.wav|त्याच्याकडे सारे लोक ‘हा तो अपराधी’ अशा दृष्टीने बघत, हीच शिक्षा
marathi_445|marathi_445.wav|सायगावात विनू व मनू दोघे मित्र होते
marathi_446|marathi_446.wav|विनूला मनूशिवाय करमत नसे व मनूला विनूशिवाय
marathi_447|marathi_447.wav|मनू एकटा होता, त्याचे आईबाप मरण पावले होते
marathi_448|marathi_448.wav|त्याची लहान बहीण होती, या बहिणीवर त्याचा फार लोभ
marathi_449|marathi_449.wav|जीवनात त्याला अर्थ वाटेना, कोणासाठी जगावे, का जगावे ते त्याला कळेना, परंतु विनूमुळे तो वेडा झाला नाही
marathi_450|marathi_450.wav|मनू विणकर होता, विणण्याची कला त्याच्या बोटांत होती
marathi_451|marathi_451.wav|धाकटी बहीण होती, तेव्हा तिच्यासाठी तो विणी, पैसे मिळवून बहिणीला नटवी
marathi_452|marathi_452.wav|पुढे-मागे बहिणीचे लग्न करावे त्यासाठी तो पैसे साठवी
marathi_453|marathi_453.wav|परंतु बहीण देवाकडे निघून गेल्यावर मनू फारसे काम करीत नसे
marathi_454|marathi_454.wav|देवाने त्याच्या जीवनाचे वस्त्र जणू दु:खाने विणले होते
marathi_455|marathi_455.wav|ते दु:खाचे वस्त्र पांघरून मनू घरी कोपर्यात बसे विनू येई तेव्हा मात्र तो जरासा हसे
marathi_456|marathi_456.wav|असे काही दिवस गेले, एकदा काय झाले, त्या गावात एक परका पाहुणा आला
marathi_457|marathi_457.wav|त्याच्याजवळ बरेचसे पैसे होते, विनूला पैसे पाहिजे होते
marathi_458|marathi_458.wav|विनूच्या मनात पाप आले, त्या श्रीमंताचा खून करावा असे त्याच्या मनात आले
marathi_459|marathi_459.wav|शेवटी त्याने संधी साधून त्या श्रीमंताचा खून केला
marathi_460|marathi_460.wav|त्याची पिशवी त्याने लांबविली, परंतु खून पचवायचा कसा?
marathi_461|marathi_461.wav|विनूने रक्ताने माखलेला सुरा मनूच्या उशाशी ठेवून दिला, मनू झोपलेला होता
marathi_462|marathi_462.wav|विनू मुकाट्याने आपल्या घरी जाऊन पडला
marathi_463|marathi_463.wav|सकाळ झाली, प्रवासी मरून पडलेला दिसला
marathi_464|marathi_464.wav|सर्व गावभर वार्ता गेली, कोणी केला तो खून? कोणी केले ते पाप?
marathi_465|marathi_465.wav|मनू जागा झाला, त्याच्या उशाशी रक्ताने माखलेला सुरा होता; तो दचकला
marathi_466|marathi_466.wav|तो सुरा हातात घेऊन तो वेड्यासारखा बाहेर आला, लोक त्याच्याकडे पाहू लागले
marathi_467|marathi_467.wav|हा पाहा लाल सुरा, रक्तानं रंगलेला सुरा, कुणाचं हे रक्त, कुठून आला हा सुरा, माझ्या उशाशी कुणी ठेवला, असे मनू बोलू लागला
marathi_468|marathi_468.wav|यानंच या प्रवाशाचा खून केला असेल आणि स्वत: साळसूदपणा दाखवीत आहे
marathi_469|marathi_469.wav|त्याला खून करून काय करायचं होतं, देवाला माहीत, एकटा तर आहे, पैसे हवेत कशाला
marathi_470|marathi_470.wav|लोभ का कुठं सुटतो, असे लोक म्हणू लागले
marathi_471|marathi_471.wav|मनूला काही समजेना, तो वेड्याप्रमाणे बघू लागला
marathi_472|marathi_472.wav|मी कशाला कोणाला मारू, मी आधीच दुःखाने मेलो आहे
marathi_473|marathi_473.wav|मला कशाचीही इच्छा नाही, ना धनाची, ना सुखाची, कोणी तरी हा सुरा माझ्या उशाशी आणून ठेवला असावा
marathi_474|marathi_474.wav|स्वत:चं पाप या गरीब मनूवर ढकलीत असावा, मनू म्हणाला
marathi_475|marathi_475.wav|शेवटी देवळात सारे लोक जमले, मनू तेथे दु:खाने हजर राहिला
marathi_476|marathi_476.wav|मनूनेच तो खून केला असावा, असे सर्वांचे मत पडले
marathi_477|marathi_477.wav|मनूची मान खाली झाली होती, ईश्वराने त्याचे आईबाप नेले होते, त्याची बहीण नेली होती
marathi_478|marathi_478.wav|आता त्याची अब्रूही परमेश्वर नेऊ पाहात होता, जीवनातील सर्वांत मोठी मौल्यवानवस्तू, तीही आज जात होती
marathi_479|marathi_479.wav|मनूने विनूकडे पाहिले, परंतु विनू त्याच्याकडे पाहीना
marathi_480|marathi_480.wav|आपला मित्र तरी आपणांस सहानुभूती दाखवील असे मनूस वाटत होते, परंतु तीही आशा का विफळ होणार
marathi_481|marathi_481.wav|मनू उभा राहिला आणि म्हणाला, सर्व गावानं मला अपराधी ठरवलं आहे, परंतु मी निष्पाप आहे
marathi_482|marathi_482.wav|इथं असलेल्या सर्वांना मी खुनी आहे असं खरोखर वाटतं, निदान माझा मित्र विनू तरी तसं म्हणणार नाही
marathi_483|marathi_483.wav|मित्र मित्राला ओळखतो, माझा स्वभाव विनूला माहीत आहे, विनू, तुझं काय मत आहे ते सांग
marathi_484|marathi_484.wav|साऱ्या गावानं जरी मला दोषी ठरविलं तरी मला त्याची पर्वा नाही, परंतु मित्र दोषी न ठरवो
marathi_485|marathi_485.wav|विनू, तुझ्या डोळ्यांनाही मी खुनीच दिसतो का, तुझं मत सांग, तुझ्या मताची मला किंमत आहे
marathi_486|marathi_486.wav|तुझ्यामुळं मी जगलो आहे, या जीवनात तुझाच काय तो एक स्नेहबंध मला आहे
marathi_487|marathi_487.wav|माझे हात कोणाच्या उरात भोकसतील का सुरा, सुंदर वस्त्र विणणारे हे हात, ते का कोणाचं जीवनवस्त्र कापून टाकतील
marathi_488|marathi_488.wav|सांग, मित्रा, तुझं मत सांग, तुला जे खरोखर वाटत असेल ते सांग
marathi_489|marathi_489.wav|विनू उभा राहिला, तो म्हणाला, मनू माझा मित्र आहे, परंतु सत्याशी माझी अधिक मैत्री आहे, सत्याला मी कधी सोडणार नाही
marathi_490|marathi_490.wav|मनू, मनुष्याच्या मनात केव्हा काय येईल त्याचा नेम नसतो, निर्मळ आकाशात केव्हा काळे ढग येतील ते काय सांगावं
marathi_491|marathi_491.wav|तुझ्या उशाशी तो सुरा होता, तो का दुसऱ्यानं आणून ठेवला, तूच तो खून केला असावास, मलाही असंच वाटतं
marathi_492|marathi_492.wav|माझ्या मित्रानं खून करावा याचं इतर सर्वांपेक्षा मला अधिक वाईट वाटत आहे
marathi_493|marathi_493.wav|खुनी माणसाचा मित्र असं आता लोक मला म्हणतील व हिणवतील
marathi_494|marathi_494.wav|मनू, काय केलंस हे, केलसं तर केलसं, परंतु पुन्हा निरपराधीपणाचा आव आणू बघतोस, हे तर फारच वाईट
marathi_495|marathi_495.wav|हातून पाप झालं तर कदाचित दु:खाच्या लहरीत, उदासीनतेच्या लहरीत, वेडाच्या लहरीत केलं असशील हे पाप
marathi_496|marathi_496.wav|परंतु ते कबूल करून गावाची क्षमा मागण्याऐवजी तू दंभ दाखवीत आहेस, काय याला म्हणावं
marathi_497|marathi_497.wav|आपल्या मित्राच्या तोंडचे ते शब्द ऐकून मनूचे तोंड काळवंडले, जिथे त्याची सर्व आशा तिथेच निराशा पदरी आली
marathi_498|marathi_498.wav|ज्याच्यावर आपण प्रेम करतो त्यानेही आपल्याविषयी गैरसमज करून घ्यावा ह्यासारखे दुनियेत दुसरे दु:ख नाही, तो सर्वांत प्रखर असा प्रहार असतो
marathi_499|marathi_499.wav|सभा संपली, मनूला ‘खूनी मनू’ म्हणून संबोधन्यात येऊ लागले
marathi_500|marathi_500.wav|मनू घरातून बाहेर पडेना, तो भयंकर मन:स्थितीत होता
marathi_501|marathi_501.wav|एके दिवशी रात्री सायगाव सोडून जाण्याचे त्याने ठरविले, तीव्र निराशेने तो घेरला गेला होता
marathi_502|marathi_502.wav|या जगात न्याय नाही, सत्य नाही, प्रेम नाही काही नाही, असे तो मनात म्हणाला
marathi_503|marathi_503.wav|जगात देव नाही, धर्म नाही मरता येत नाही म्हणून जगायचे
marathi_504|marathi_504.wav|जग म्हणजे एक भयाण वस्तू आहे असे त्याला वाटले
marathi_505|marathi_505.wav|मध्यरात्रीचा समय, सर्वत्र अंधार होता, मनूच्या मनात बाहेरच्या अंधाराहूनही अधिक काळाकुट्ट असा अंधार पसरला होता
marathi_506|marathi_506.wav|परंतु तो उठला, ते पूर्वजांचे घर सोडून तो निघाला
marathi_507|marathi_507.wav|जेथे त्याच्या आईबापांनी त्याला वाढविले, जेथे आपली पोरकी बहीण त्याने प्रेमाने वाढविली, असे ते घर सोडून तो निघाला
marathi_508|marathi_508.wav|त्याला वाईट वाटले, त्याच्या डोळ्यांतून पाणी आले, परंतु शेवटी प्रणाम करून त्याने घराबाहेर पाऊल ठेवले
marathi_509|marathi_509.wav|तो रस्ता चालू लागला, बहुळा नदीच्या तीरावर तो आला
marathi_510|marathi_510.wav|त्या नदीत तो कितीदा तरी डुंबला असेल, मित्राबरोबर पोहला असेल
marathi_511|marathi_511.wav|बहुळेच्या काठी एका खडकावर तो बसला, वरती तारे चमचम करीत होते
marathi_512|marathi_512.wav|मनूच्या मनात शेकडो स्मृती जमल्या होत्या, हृदयात कालवाकालव होत होती
marathi_513|marathi_513.wav|मोठ्या कष्टाने तो उठला, त्या मध्यरात्री बहुळेचे तो पाणी प्यायला
marathi_514|marathi_514.wav|पुन्हा एकदा गावाकडे वळून त्याने प्रणाम केला, बहुळेला प्रणाम केला आणि वेगाने निघाला
marathi_515|marathi_515.wav|लांब लांब जाण्यासाठी मनू निघाला, जेथे त्याला कोणी खुनी असे म्हणणार नाही, मातृभूमीला रामराम करून, तेथे जावयास तो निघाला
marathi_516|marathi_516.wav|तो काळ आर्यांच्या विजयाचा व विस्ताराचा होता
marathi_517|marathi_517.wav|आर्य प्रथम पंजाबात आले, तेथे नीट पाय रोवून ते आणखी पुढे सरकले
marathi_518|marathi_518.wav|गंगा व यमुना या सुंदर विशाल नद्यांच्या गहिऱ्या पाण्याने समृद्ध व सुपीक झालेल्या रमणीय प्रदेशांत आर्य राज्य करुन राहू लागले
marathi_519|marathi_519.wav|सृष्टिसुंदरीने वरदहस्त ठेवलेल्या याच प्रदेशात, जनकासारखे राजर्षी जन्मले
marathi_520|marathi_520.wav|धर्म, तत्त्वज्ञान, कला यांचा विकास येथेच प्रथम झाला व संस्कृतिसूर्याचे किरण हळूहळू अखिल भारतवर्षावर पसरु लागले
marathi_521|marathi_521.wav|उत्तर हिंदुस्थानात आर्यांच्या वसाहती सर्वत्र होण्यापूर्वीच ओढ्या प्रांतातून गलबतात बसून काही धाडसी आर्य खाली सिलोन ऊर्फ लंका बेटात गेले
marathi_522|marathi_522.wav|या बेटाजवळ मोत्यांच्या खाणी होत्या, सोन्याच्या खाणी होत्या, हे राज्य समृद्ध झाले
marathi_523|marathi_523.wav|लंकाधीश रावणासारखा महत्त्वाकांक्षी राजा उत्तरेकडे दिग्विजय करण्यास निघाला व नाशिकपर्यंत आला, तेथे त्याने आपले अधिकारी ठेवले
marathi_524|marathi_524.wav|रावणासारखे राजे दक्षिणेकडून उत्तरेकडे येत होते, तर दुसरे संस्कृतिप्रसार करणारे धाडसी ऋषी विंध्यपर्वत ओलांडून दक्षिणेकडे येत होते
marathi_525|marathi_525.wav|दंतकथांमधून इतिहास निर्मावा लागतो
marathi_526|marathi_526.wav|अगस्ती हा विंध्यपर्वत ओलांडून दक्षिणेकडे आलेला पहिला संस्कृतिप्रसारक होय, ही गोष्ट त्याने विंध्यपर्वतास वाढू नकोस, असे सांगितले त्यात दिसून येते
marathi_527|marathi_527.wav|तीन आचमने करुन त्याने सात समुद्र प्राशन केले, यातील अर्थ हा असेल की, तीन पर्यटनांत तो सात समुद्र ओलांडून आला
marathi_528|marathi_528.wav|अगस्तीने फार प्रवास केलेला असावा, दंडकारण्यात प्रवेश करणारा पहिला ऋषी अगस्तीच होय
marathi_529|marathi_529.wav|त्याच्या पाठोपाठ भारद्वाज, मतंग, अत्रि प्रभृत्री ऋषी येऊ लागले व आपापले आश्रम रमणीय अशा ठिकाणी स्थापू लागले
marathi_530|marathi_530.wav|चित्रकूट हे पर्वताचे नावच त्या पर्वताची सुंदरता पटवून देते, तेथे भारद्वाज ऋषी राहिले
marathi_531|marathi_531.wav|ख्रिस्ती मिशनरी रानटी लोकांत जाऊन तेथे आपले बंगले बांधतात व त्यांना आपल्या धर्माची दीक्षा देतात
marathi_532|marathi_532.wav|आमचे हे प्राचीन आर्य धर्मप्रचारक रानटी लोकांत जाऊन आश्रम स्थापून त्यांना संस्कृतिज्ञान देऊ लागले
marathi_533|marathi_533.wav|हळूहळू या वैराग्यशील, ध्यानधारणासंपन्न, निष्पाप अशा ऋषींच्या साध्या राहणीचा व सुंदर आचरणाचा परिणाम या दंडकारण्यातील लोकांवर होऊ लागला
marathi_534|marathi_534.wav|या लोकांचा व ऋषींचा संबंध येऊ लागला
marathi_535|marathi_535.wav|भिल्ल वगैरे जातींची लहान लहान राज्ये होती
marathi_536|marathi_536.wav|हे राजे आपली मुलेबाळे या ऋषींच्या आश्रमात शिकण्यासाठी कधीकधी ठेवीत
marathi_537|marathi_537.wav|प्रेमाने व निर्लोभतेने येथील लोकांची हृदये वश करुन घेऊन सुंदर ज्ञान व पवित्र आचार हे ऋषी त्यांस शिकवू लागले
marathi_538|marathi_538.wav|रानटी लोकांच्या हृदय मंदिरात ज्ञानाचा दिवा प्रकाशू लागला
marathi_539|marathi_539.wav|अशाच थोर ऋषींपैकी मतंग ऋषी हे एक होते, पंपासरोवराच्याजवळ त्यांचा आश्रम होता
marathi_540|marathi_540.wav|आजूबाजूला रमणीय व विशाल वनराजी होती
marathi_541|marathi_541.wav|मतंग ऋषींची पत्नी ही अत्यंत साध्वी व पतिपरायण होती
marathi_542|marathi_542.wav|आश्रमाच्या आसमंतातले वातावरण अतिशय प्रसन्न व पावन असे ती ठेवीत असे
marathi_543|marathi_543.wav|आश्रमात हरिणमयूरादी सुंदर पशुपक्षी पाळलेले होते
marathi_544|marathi_544.wav|सकाळच्या वेळी पाखरांना अंगणात नीवार धान्य टाकताना व हरणांना हिरवा चारा घालताना ऋषिपत्नीस मोठा आनंद होत असे
marathi_545|marathi_545.wav|मतंग ऋषी फार थोर मनाचे होते, प्रातःकाळी नदीवर स्नान करुन नंतर ते संध्या, ईश्वरपूजा व ध्यानधारणा करीत
marathi_546|marathi_546.wav|तदनंतर आश्रमाच्या भोवती जे कोणी रहिवाशी येतील, त्यांना खुणांनी मोडक्या तोडक्या भाषेत सुरेख गोष्टी सांगत
marathi_547|marathi_547.wav|हळूहळू ते त्यांची भाषा शिकू लागले आणि आपले उन्नत व उदात्त विचार त्यांना सांगू लागले
marathi_548|marathi_548.wav|जरी त्या रानटी लोकांना प्रथम प्रथम विशेष समजत नसे, तरी त्या पावन वातावरणाचा, ऋषींच्या व्यक्त्तिमाहात्म्याचा त्यांच्या मनावर संस्कार झाल्याशिवाय राहत नसे
marathi_549|marathi_549.wav|पावित्र्य हे न बोलता बोलते, व न शिकविता शिकविते
marathi_550|marathi_550.wav|दिव्याची ज्योत निःस्तब्धपणे अंधार हरण करीत असते
marathi_551|marathi_551.wav|थोर लोकांचे नामोच्चारणही जर मनास उन्नत करते, तर त्यांचे प्रत्यक्ष दर्शन किती प्रभावशाली असेल बरे
marathi_552|marathi_552.wav|मतंग ऋषींच्या आश्रमापासून काही कोसांच्या अंतरावर एका भिल्ल राजाचे राज्य होते
marathi_553|marathi_553.wav|राज्य लहानसेच होते, भिल्लांचा राजा जरी रानटी होता, तरी तोही ऋषींच्या आचरणाने व उपदेशाने थोडा सुधारला होता
marathi_554|marathi_554.wav|या भिल्ल राजास एक पाचसहा वर्षांची मुलगी होती
marathi_555|marathi_555.wav|मुलगी काळीसावळीच होती; पण तिचा चेहरा तरतरीत होता
marathi_556|marathi_556.wav|रानातील हरिणीच्या डोळ्यांसारखेच तिचे डोळे खेळकर व पाणीदार असून ती हरिणीप्रमाणेच चपळही होती
marathi_557|marathi_557.wav|घरात बसून राहणे तिला कधीच आवडत नसे, घडीची म्हणून तिला उसंत माहीत नसे
marathi_558|marathi_558.wav|अशी ही राजकन्या गुणवंत होती
marathi_559|marathi_559.wav|भिल्ल राजाचीच ती मुलगी, लहानपणी तीही लहानसे धनुष्य घेऊन हरणांच्या पाठीमागे लागे
marathi_560|marathi_560.wav|आपल्या मुलीचे कोडकौतुक राजा-राणी कितीतरी करीत
marathi_561|marathi_561.wav|मनुष्य रानटी असो वा सुधारलेला असो, मनुष्यस्वभाव हा सर्वत्र सारखाच आहे
marathi_562|marathi_562.wav|रानटी मनुष्यालाही प्रेम समजते, त्याला मुलेबाळे आवडतात
marathi_563|marathi_563.wav|रानटी मनुष्यही आनंदाने हसतो व दुःखाने रडतो
marathi_564|marathi_564.wav|आईबापांच्या प्रेमळ सहवासात लहानगी शबरी वाढत होती
marathi_565|marathi_565.wav|एक दिवस भिल्ल राजा आपल्या राणीला म्हणाला, आपल्या या मुलीला मतंग ऋषींच्या आश्रमात ठेवले तर
marathi_566|marathi_566.wav|मी याविषयी त्यांना विचारले, तेव्हा त्यांच्या पत्नीने मोठ्या आनंदाने संमती दिली
marathi_567|marathi_567.wav|ऋषिपत्नी मला म्हणाली, खरंच, तुमची मुलगी आश्रमात ठेवा, मी तिला शिकवीनसवरीन, पोटच्या मुलीप्रमाणे तिच्यावर प्रेम करीन
marathi_568|marathi_568.wav|मग बोल, तुझे म्हणणे काय आहे ते, मुलीस तिथे पाठविण्यास तुझी संमती आहे ना, ती तुझ्यासारखीच अडाणी राहावी, असे तुला वाटते का
marathi_569|marathi_569.wav|राणी म्हणाली, मी आपल्या इच्छेविरुद्ध नाही, मनाला कसेसेच वाटते हे खरे, तरी पण मुलीचे कल्याण होईल, तेच केले पाहिजे
marathi_570|marathi_570.wav|आपल्या लहानपणी आपणांस नाही असे ऋषी भेटले, परंतु आपल्या मुलीच्या भाग्याने भेटले आहेत, तर ती तरी चांगली होवो
marathi_571|marathi_571.wav|उभयता मातापितरांनी मुलीला आश्रमात पाठविण्याचा निश्चय केला
marathi_572|marathi_572.wav|शुभ दिवशी त्या भिल्ल राजाने शबरीस बरोबर घेतले, तिला पालखीत बसविले आणि मतंग ऋषींच्या आश्रमात आणून सोडले
marathi_573|marathi_573.wav|कन्येस ऋषींच्या स्वाधीन करुन राजा म्हणाला, महाराज, ही माझी मुलगी आपल्या स्वाधीन करत आहे
marathi_574|marathi_574.wav|ही सर्वस्वी आपलीच समजा व तिला नीट वळण लावा
marathi_575|marathi_575.wav|ऋषिपत्नी म्हणाली, राजा, निश्चिंत ऐस, ही माझीच मुलगी मी समजेन, मी तिला मजजवळ घेऊन निजेन, तिची वेणीफणी करीन
marathi_576|marathi_576.wav|ती येथील हरिणांमोरांबरोबर खेळेल-खिदळेल व त्यांच्याजवळ शिकेल, काही काळजी करु नकोस बरं
marathi_577|marathi_577.wav|राजाने मुलीसाठी तांबड्या रंगाची वल्कले केली होती, ती तिला दिली
marathi_578|marathi_578.wav|मुलीला पोटाशी धरुन नंतर राजा निघून गेला
marathi_579|marathi_579.wav|शबरी आश्रमात वाढू लागली, ऋषिपत्नी तिचे कितीतरी कोडकौतुक करी
marathi_580|marathi_580.wav|आश्रमात गाई होत्या, गाईंच्या वासरांबरोबर शबरी खेळे, उड्या मारी
marathi_581|marathi_581.wav|तिने गाईंना नदीवर न्यावे, त्यांस पाणी पाजावे, गाईचे धारोष्ण दूध शबरीला फार आवडे
marathi_582|marathi_582.wav|प्राचीन कालीन आर्यांचे गाय हेच धन असे, 'गोधन' हा शब्द प्रसिद्ध आहे
marathi_583|marathi_583.wav|शबरी सकाळी लवकर उठे, ऋषिपत्नीने तिचे दात आधी नीट घासावेत, मग तिची वेणीफणी करावी
marathi_584|marathi_584.wav|शबरीचे केस नीट विंचरुन कोणीही आजपर्यंत बांधले नव्हते, ऋषिपत्नी शबरीच्या केसांत सुंदर फुले घाली
marathi_585|marathi_585.wav|शबरी म्हणजे राणीच शोभे, मग शबरीने स्नान करावे, देवपूजेसाठी सुरेख फुले गोळा करुन आणावीत
marathi_586|marathi_586.wav|दूर्वांकुरांनी गुंफून तिने हार करावेत व आश्रमाच्या दारांवर त्यांची तोरणे करुन लावावीत
marathi_587|marathi_587.wav|ऋषींची पूजा झाली की शबरीला जवळ घेऊन ते तिला सुंदर स्तोत्रे शिकवीत, सूर्याच्या उपासनेचे मंत्र अर्थासह तिला म्हणावयास सांगत
marathi_588|marathi_588.wav|उषादेवीची सुंदर गाणी ते तिजकडून म्हणवीत
marathi_589|marathi_589.wav|उषादेवीचे एक गाणे मतंग ऋषींना फार आवडे. त्याचा अर्थ पुढीलप्रमाणे होता
marathi_590|marathi_590.wav|ती पहा, अमृताची जणू काय ध्वजाच, अमर जीवनाची जणू पताकाच अशी उषा येत आहे
marathi_591|marathi_591.wav|ही उषा लवकर उठणाऱ्याला संपत्ती देते, ही आकाशदेवतेची मुलगी आहे
marathi_592|marathi_592.wav|सुंदर दवबिंदूंचे हार घालून आपल्या झगझगीत रथात बसून ती येते
marathi_593|marathi_593.wav|ती आपल्या भक्तांना काही उणे पडू देत नाही, ही उषादेवी किती सुंदर, पवित्र व धन्यतम अशी आहे
marathi_594|marathi_594.wav|अशा प्रकारच्या गोड कविता शबरीला मतंग ऋषी शिकवीत असत
marathi_595|marathi_595.wav|ऋषींच्या तोंडून त्या सुंदर कवितांचे विवरण ऐकताना लहानग्या शबरीचेही हृदय भरुन येई
marathi_596|marathi_596.wav|एक दिवस रात्रीची वेळ झाली होती, मतंग ऋषींची सायंसंध्या केव्हाच आटपली होती
marathi_597|marathi_597.wav|गाईगुरे बांधली होती, हरिणपाडसे शिंग अंगात खुपसून निजली होती
marathi_598|marathi_598.wav|ऋषी व त्यांची पत्नी बाहेर अंगणात बसली होती, फलाहार झाला होता
marathi_599|marathi_599.wav|नभोमंडलात दंडकारण्याची शोभा पाहण्यासाठी एकेक तारका येत होती
marathi_600|marathi_600.wav|शबरी आकाशाकडे पाहून म्हणाली, तात, हे तारे कोठून येतात, काय करतात
marathi_601|marathi_601.wav|रोज रोज आकाशात येण्याचा व थंडीत कुडकुडण्याचा त्यांना त्रास नसेल का होत
marathi_602|marathi_602.wav|मनुष्य कसा वागतो, शबरी कशी वागते, हे सारे पाहण्यासाठी हे वरुणदेवाचे हेर आहेत, हे तारे वरुणदेवतेचे दूत आहेत
marathi_603|marathi_603.wav|डोळ्यांत तेल घालून मनुष्याची कृत्ये ते पाहत असतात व माणसांची वाईट कृत्ये पाहून ते तारे रडतात
marathi_604|marathi_604.wav|त्यांचे जे अश्रू त्यांनाच तू दवबिंदू म्हणतेस, झाडामाडांच्या पानांवर ते दवबिंदू टपटप पडताना तू नाही का ऐकलेस
marathi_605|marathi_605.wav|शबरी म्हणाली, तात, मी आज त्या हरिणपाडसास बाणाने टोचले, ते त्यांना दिसले असेल का
marathi_606|marathi_606.wav|ऋषी म्हणाले, होय, दिवसा लोकांकडे लक्ष ठेवण्याचे काम सूर्य करतो, रात्री ते काम चंद्र व तारे करतात
marathi_607|marathi_607.wav|शबरीचे ते प्रेमळ व निष्कपट डोळे पाण्याने डबडबून आले
marathi_608|marathi_608.wav|ती म्हणाली, तात, मघा त्या मोराच्या पिसाऱ्यातील पीस उपटण्यास मी गेले, ते पाहून तारे आज रडतील का
marathi_609|marathi_609.wav|ऋषी म्हणाले, होय, परंतु हे काय, वत्से शबरी, अशी रडू नकोस, पूस, डोळे पूस आधी
marathi_610|marathi_610.wav|तू त्या ताऱ्यांची प्रार्थना कर व म्हण, आजपासून हरणांना, मोरांना मी दुखवणार नाही
marathi_611|marathi_611.wav|शबरीने हात जोडले व आकाशाकडे तोंड करुन ती म्हणाली, हे देवदूतांनो, हे तारकांनो, या मुलीला क्षमा करा
marathi_612|marathi_612.wav|माझ्यासाठी तुम्ही वाईट वाटून घेऊ नका, मी आजपासून बाणाच्या टोकाने हरणांना टोचणार नाही, पक्ष्यांची पिसे उपटणार नाही
marathi_613|marathi_613.wav|ऋषीने शबरीचे वात्सल्याने अवघ्राण केले, व ऋषिपत्नीने तिला प्रेमभराने हृदयाशी धरिले
marathi_614|marathi_614.wav|ऋषिपत्नी म्हणाली, शबरी, तू फार गुणी आहेस
marathi_615|marathi_615.wav|शबरीच्या गंगायमुना थांबल्या व ऋषिपत्नीच्या मांडीवर डोके ठेवून ती झोपी गेली
marathi_616|marathi_616.wav|शबरी हळूहळू वयाने वाढत होती, मनाने वाढत होती, सत्य, दया, परोपकार यांचे ती धडे घेत होती
marathi_617|marathi_617.wav|तिचे मन आता फुलासारखे हळुवार झाले होते, झाडांच्या फांदीलासुद्धा धक्का लावताना तिला आता वाईट वाटे
marathi_618|marathi_618.wav|एक दिवस मतंग ऋषी तिला म्हणाले, शबरी, परमेश्वरास वाहण्यासाठी दोनचार फुले फार तर आणावीत
marathi_619|marathi_619.wav|फुले हे वृक्षांचे सौंदर्य आहे, वृक्षांचे सौंदर्य आपण नष्ट करु नये
marathi_620|marathi_620.wav|फूल घरी आणले तर किती लवकर कोमेजते, परंतु झाडावर ते बराच वेळ टवटवीत दिसते
marathi_621|marathi_621.wav|आपण त्या फुलाला त्याच्या आईच्या मांडीवरुन ओढून लवकर मारतो
marathi_622|marathi_622.wav|सकाळच्या वेळी फुलांचे हृदय, भीतीने कापत असते, आपली मान मुरगळण्यास कोण खाटीक येतो, इकडे त्यांचे लक्ष असते
marathi_623|marathi_623.wav|आपण दुष्ट आहोत, मनुष्यप्राण्याला आपल्या प्रियजनांच्या संगतीत मरणे आवडते, या फुलांनाही तसेच नसेल का वाटत
marathi_624|marathi_624.wav|हे फूल तुझ्यासारखेच आहे, तेही हसते व कोमजते, त्यालाही जीव आहे
marathi_625|marathi_625.wav|झाडामांडाकडे, फुलपाखरांकडे सुद्धा प्रेमाने पाहावयास शिकणे म्हणजे परमेश्वराच्या जवळ जाणे होय
marathi_626|marathi_626.wav|शबरी म्हणाली, लहानपणी मी तर शिकार करीत असे, माझे बाबा हरणे मारुन आणीत, शेळ्या, मेंढ्या आमच्याकडे मारल्या जायच्या
marathi_627|marathi_627.wav|ऋषी म्हणाले, शबरी, ते तू आता विसरुन जा, आता निराळे आचरण ठेवावयास तू शिक
marathi_628|marathi_628.wav|उगीच कोणाला दुखवू नकोस, कोणाची हिंसा करु नकोस
marathi_629|marathi_629.wav|शेतीभाती करावी, वृक्षांची फळे खावीत, कंदमुळे भक्षावीत, अशी राहणी चांगली नाही का
marathi_630|marathi_630.wav|इतक्यात ऋषिपत्नी बाहेर आली व म्हणाली, मी तुम्हाला सांगू का कालची गंमत
marathi_631|marathi_631.wav|त्या अशोकाच्या झाडावरील फुलांचा तुरा तोडून घेण्याची शबरीला अतिशय इच्छा झाली होती, तिने तीनतीनदा हात पुढे केले व आखडते घेतले
marathi_632|marathi_632.wav|हे रानफूल सात्त्विक सौंदर्याने, गुणगंधाने नटताना पाहून त्याला का धन्य वाटणार नाही
marathi_633|marathi_633.wav|शबरी आता वयात आली, ती यौवनपूर्ण झाली
marathi_634|marathi_634.wav|एक दिवस मतंग ऋषी तिला म्हणाले, शबरी, तू शिकली सावरलीस, सद्गुणी झालीस, आता तू मोठी झाली आहेस
marathi_635|marathi_635.wav|ब्रह्मचर्याश्रम सोडून गृहस्थाश्रमात तू आता प्रवेश कर; विवाह करुन सुखाने नांद
marathi_636|marathi_636.wav|शबरी म्हणाली, तात, मला हे पाय सोडून दूर जाववत नाही, मी इथेच तुमची सेवा करुन राहीन
marathi_637|marathi_637.wav|त्या वेळेस ऋषी आणखी काही बोलले नाहीत, त्यांनी परभारे भिल्ल राजाला निरोप पाठविला
marathi_638|marathi_638.wav|तुझी मुलगी आता उपवर झाली आहे, तरी तिला घेऊन घरी जा व तिचा विवाह कर
marathi_639|marathi_639.wav|निरोपाप्रमाणे राजाने दुसऱ्या एका भिल्ल राजाच्या मुलाची वर म्हणून योजना केली व शबरीला नेण्यासाठी तो आश्रमात आला
marathi_640|marathi_640.wav|ऋषीने राजाचे स्वागत केले व त्याला फलाहार दिला
marathi_641|marathi_641.wav|शबरीला पित्याच्या स्वाधीन करताना त्याने तिला शेवटचा उपदेश केला, देव तुझे मंगल करो व तुला सत्पथावर ठेवो
marathi_642|marathi_642.wav|शबरी सद्गदित झाली होती, ऋषिपत्नीने तिला पोटाशी धरले व म्हटले, बाळे शबरी, अधूनमधून येत जा हो आश्रमात, आम्हाला आता हे घर खायला येईल
marathi_643|marathi_643.wav|आज दहा वर्षांनी शबरी राजवाड्यात परत आली होती, ती गेली त्या वेळी लहान होती, आज ती नवयौवनसंपन्न झाली होती
marathi_644|marathi_644.wav|पुष्कळ वेळा मनुष्याचा मोठेपणा त्याच्या आईबापांवर अवलंबून असतो
marathi_645|marathi_645.wav|त्याचे पुढचे बरे-वाईट जीवन त्याच्या आईबापांवर अवलंबून असते
marathi_646|marathi_646.wav|त्याच्या बऱ्यावाईटाचा पाया लहानपणीच भरला जात असतो
marathi_647|marathi_647.wav|पाळण्यात असतानाच, आईच्या खांद्यावर खेळत असतानाच, पुढील जीवनाच्या विकासाचे बी पेरले जात असते
marathi_648|marathi_648.wav|मोठेपणा याचा अर्थ जगातील काही व्यक्तींच्या ओठांवर आपले नाव काही काळ नाचणे, असा मी करीत नाही
marathi_649|marathi_649.wav|हिमालयाच्या दऱ्याखोऱ्यात असे प्रचंड व गगनचुंबी वृक्ष असतील, की ज्यांची नावे जगाला माहीत नाहीत
marathi_650|marathi_650.wav|रानावनांतील कानाकोप-यात असे एखादे रमणीय व सुगंधी फूल फुललेले असेल, की, ज्याचा पत्ता कोणाला लागलेला नाही
marathi_651|marathi_651.wav|समुद्राच्या पोटात अशी गोलबंद व पाणीदार मोत्ये असतील, की ज्याची जगास वार्ता नाही
marathi_652|marathi_652.wav|पृथ्वीच्या पोटात ता-यांसारखे तेजस्वी हिरे असतील; परंतु मानवजातीस त्यांचे अद्यापि दर्शन नाही
marathi_653|marathi_653.wav|वर अनंत आकाशात असे अनंत तारे असतील, की जे पल्लेदार दुर्बिणीतूनही अजून दिसले नाहीत
marathi_654|marathi_654.wav|मोठेपणा याचा अर्थ जगाला माहीत असणे, असा मी करीत नाही
marathi_655|marathi_655.wav|मी निर्दोष होत आहे, हळूहळू उन्नत होत आहे, ही ज्याला जाणीव आहे, तो मोठाच होत आहे
marathi_656|marathi_656.wav|मोठा होत जाण्याची ही प्रवृत्ती व्यक्तीच्या ठिकाणी आईबापच उत्पन्न करतात
marathi_657|marathi_657.wav|मायबापच कळत वा नकळत मुलाला लहान किंवा मोठा करत असतात
marathi_658|marathi_658.wav|मनुष्य जन्मतो त्याच्यापूर्वीच त्याचे शिक्षण सुरू झालेले असते
marathi_659|marathi_659.wav|आईच्या पोटात गर्भरूपाने जीव आला, त्याच्यापूर्वीच त्याच्या शिक्षणाची तयारी झालेली असते
marathi_660|marathi_660.wav|जगात फक्त आईबापच शिकवतात, असे नाही, आजूबाजूचे सारे जग, सारी सजीव-निर्जीव सृष्टी शिकवीत असते
marathi_661|marathi_661.wav|या आजूबाजूच्या सृष्टीतून काय शिकावे, हे आईबापच शिकवतात
marathi_662|marathi_662.wav|मुलांच्या शिक्षणात जास्तीत जास्त वाटा आईबापांचा असतो व त्यातही आईचा अधिक
marathi_663|marathi_663.wav|आईच्या पोटातच मुळी जीव राहिला, आईशी एकरूप होऊनच जीव बाहेर पडला, जणू तिचाच होऊन बाहेर आला
marathi_664|marathi_664.wav|बाहेर आल्यावरही आईच्याच सान्निध्यात त्याचा लहानपणी तरी बहुतेक वेळ जातो
marathi_665|marathi_665.wav|तो आईजवळ हसतो, रडतो, खातोपितो, खेळतो-खिदळतो, झोपतो, आईजवळ त्याची ऊठबस सुरू असते, म्हणूनच खरी शिक्षणदात्री आईच होय
marathi_666|marathi_666.wav|आई देह देते व मनही देते, जन्मास घालणारी तीच व ज्ञान देणारीही तीच
marathi_667|marathi_667.wav|लहानपणी मुलावर जे परिणाम होतात, ते दृढतम असतात, लहानपणी मुलाचे मन रिकामे असते
marathi_668|marathi_668.wav|बालकाचे रिकामे मन जे जे आजूबाजूला असेल, त्याची निवडानिवड न करता अधाशासारखे भराभर त्याचा संग्रह करीत असते
marathi_669|marathi_669.wav|दोनचार महिन्यांच्या मुलाला जर बाहेर अंगणात ठेवले, तर आजूबाजूच्या हिरव्या हिरव्या झाडांचा त्याच्या मनावर इतका परिणाम होतो, की त्याच्या मनासही रंग येतो
marathi_670|marathi_670.wav|लहानपणी मन फारच संस्कारक्षम असते, मातीसारखे, मेणासारखे असते, द्यावा तो आकार त्याला मिळेल
marathi_671|marathi_671.wav|मुलाचे शिक्षण हे मातेवर, पित्यावर, आप्तेष्टांवर, सभोवतालच्या सर्व सजीव-निर्जीव सृष्टीवर अवलंबून आहे
marathi_672|marathi_672.wav|मुलांच्या समीप फार जपून वागावे, वातावरण स्वच्छ राखावे
marathi_673|marathi_673.wav|सूर्यचंद्रांना माहीत असो वा नसो, त्यांच्या किरणांनी कमळे फुलतात, ही गोष्ट खरी
marathi_674|marathi_674.wav|आईबापांना व इतर लोकांना माहीत असो वा नसो; त्यांच्या कृत्यांनी मुलांच्या जीवनकळया फुलत असतात
marathi_675|marathi_675.wav|सूर्यचंद्रांच्या किरणांप्रमाणे मनुष्याचे व्यवहार, स्वच्छ, सतेज व तमोहीन असे असतील, तर मुलांची मने रसपूर्ण, सुगंधी, रमणीय व पवित्र अशी फुलतील
marathi_676|marathi_676.wav|मुलांचे जीवन बिघडविणे यासारखे पाप नाही, स्वच्छ झ-याचे पाणी घाण करणे यासारखे पाप नाही
marathi_677|marathi_677.wav|वसिष्ठऋषी वेदामध्ये वरूणदेवाला म्हणतात, हे वरूणदेवा, माझ्या हातून जर काही वाईट झाले असेल, तर त्याबद्दल माझ्या वडील मंडळीना जबाबदार धर
marathi_678|marathi_678.wav|कनिष्ठाच्या जवळ ज्येष्ठ असतो, या ज्येष्ठाने आपली जोखीम ओळखून वागले पाहिजे
marathi_679|marathi_679.wav|आईबापांनी, शेजा-यांनी, गुरूजींनी-सर्वांनी लहान मुलांचा विकास सदैव डोळयांसमोर ठेवून त्यांच्याजवळ वागावे
marathi_680|marathi_680.wav|श्यामला त्याच्या भाग्याने थोर माता मिळाली होती
marathi_681|marathi_681.wav|दररोज तो आपल्या आईला मनात धन्यवाद देत असे, कधी कधी चार अश्रूंनी तिचे तर्पण करीत असे
marathi_682|marathi_682.wav|आश्रमातील मित्र त्याची जीवनकथा पुष्कळ वेळा विचारीत, परंतु श्याम सांगत नसे
marathi_683|marathi_683.wav|आश्रमातील इतर सारे सवंगडी आपापल्या जीवनातील नानाविविध बरेवाईट अनुभव परस्परांना सांगत असत
marathi_684|marathi_684.wav|आपल्या सोबत्यांच्या जीवनकथा ऐकताना कधी कधी एकाएकी श्यामचे डोळे भरून येत असत
marathi_685|marathi_685.wav|त्या वेळी स्वत:च्या जीवनातील तसल्याच स्मृती त्याला येत असत
marathi_686|marathi_686.wav|श्याम, तू सर्वांचे ऐकून घेतोस, पण स्वत:चे मात्र का काहीच सांगत नाहीस, असे त्याचे मित्र पुष्कळदा त्याला म्हणत
marathi_687|marathi_687.wav|एके दिवशी असाच आग्रह चालला होता
marathi_688|marathi_688.wav|श्याम भरल्या आवाजाने म्हणाला, माझ्या स्वत:च्या पूर्वजीवनाची स्मृती करणे मला फार शोकदायक वाटते
marathi_689|marathi_689.wav|गतायुष्यातील चांगल्याबरोबर वाईट आठवते, पुण्याबरोबर पापही आठवते
marathi_690|marathi_690.wav|मी माझ्या एकेका दुर्गुणाला खोल खड्डे खणून गाडून टाकत आहे
marathi_691|marathi_691.wav|ही पिशाच्चे पुन्हा वर उठून माझ्या मानगुटीवर बसू नयेत, म्हणून माझी ही धडपड आहे
marathi_692|marathi_692.wav|जीवन निर्दोष व निर्मळ व्हावे, ही माझी तळमळ, हेच माझे ध्येय, हेच माझे स्वप्न
marathi_693|marathi_693.wav|परंतु आम्हांला तुमच्या चांगल्याच गोष्टी सांगा, चांगल्या गोष्टींचे चिंतन केल्याने मनुष्य चांगला होत जातो
marathi_694|marathi_694.wav|परंतु आपण चांगलेच आठवले व ते सांगितले, तर आपण निर्दोष आहोत, असा अहंकारही जडावयाचा
marathi_695|marathi_695.wav|मनुष्याला स्वत:चे अध:पतन सांगावयास जशी लाज वाटते, त्याप्रमाणे आपण कसे चढलो व चढत आहोत, हे सांगावयासही लाज वाटते
marathi_696|marathi_696.wav|आत्मप्रौढीचा शब्दही माझ्या तोंडून बाहेर न येवो, अशी देवाला माझी प्रार्थना असते
marathi_697|marathi_697.wav|या जगात जपावे तेवढे थोडेच, ठायी ठायी मोहक मोह आहेत, कोसळावयास कडे आहेत
marathi_698|marathi_698.wav|शक्यतोवर जपावे, यत्न करावे, प्रामाणिकपणे झटावे, आत्मवंचना करू नये
marathi_699|marathi_699.wav|अहंकाराचे रूप फार सूक्ष्म असते, सदैव सावध राहिले पाहिजे
marathi_700|marathi_700.wav|श्यामचा प्रेमळ मित्र राम म्हणाला, आपण का एकमेकांना परके आहोत, तू व आम्ही अद्यापि एकरूप नाही का झालो
marathi_701|marathi_701.wav|आपल्या आश्रमात आता खाजगी असे काहीएक नाही, जे आहे, ते सर्वांच्या मालकीचे आहे
marathi_702|marathi_702.wav|आश्रमातील प्रार्थना झाली, सारे सोबती सभोवती मंडलाकार बसले होते
marathi_703|marathi_703.wav|श्यामच्या मुखचंद्राकडे सर्वांचे डोळे लागले होते, तो भ्रातृसंघ म्हणजे एक अपूर्व दृश्य होते
marathi_704|marathi_704.wav|वाळवंटातील झरा अधिकच सुंदर व पवित्र वाटतो, अंधारात एक किरणही आशा देतो
marathi_705|marathi_705.wav|सध्याच्या निष्प्रेम अशा काळात, असे प्रेमळ संघ म्हणजे परम आशा होय
marathi_706|marathi_706.wav|त्या भ्रातृसंघातील प्रेमासारखे प्रेम अन्यत्र क्वचितच पाहावयास सापडले असते
marathi_707|marathi_707.wav|तो आश्रम म्हणजे त्या गावातील जीवनाला, साचीव जीवनाला, स्वच्छ ठेवणारा जिवंत व पवित्र झरा होय
marathi_708|marathi_708.wav|गावात सर्वत्र शांतता होती, आकाशात शांतता होती
marathi_709|marathi_709.wav|काही बैलांच्या गळयांतल्या घंटांचा गोड आवाज दुरून ऐकू येत होता
marathi_710|marathi_710.wav|वारा मात्र स्वस्थ नव्हता, तो त्रिभुवनमंदिराला सारखा प्रदक्षिणा घालत होता, आपली अखंड प्रार्थना गुणगुणत होता
marathi_711|marathi_711.wav|माझ्या आईचे माहेर फार श्रीमंत नव्हते, तरी सुखी होते, माहेरी खाण्यापिण्याची ददात नव्हती
marathi_712|marathi_712.wav|माझ्या आईचे माहेर गावातच होते, माझ्या आईचे वडील फार कर्मठ व धर्मनिष्ठ होते
marathi_713|marathi_713.wav|माझी आई सर्व भावंडात मोठी होती, तिच्या आईबापांचे तिच्यावर फार प्रेम होते
marathi_714|marathi_714.wav|माझ्या आईला माहेरी कोणी आवडी म्हणत, कोणी बयो म्हणत
marathi_715|marathi_715.wav|खरेच लहानपणापासून ती सर्वांना आवडत असे, ती जगाची बयो होती, आई होती
marathi_716|marathi_716.wav|माहेरची गडीमाणसे कांडपिणी, पुढे मोठेपणीही जेव्हा माझ्या आईला 'बयो' म्हणून हाक मारीत, तेव्हा ती हाक किती गोड वाटे
marathi_717|marathi_717.wav|माझ्या आईला दोन भाऊ व एक बहीण होती
marathi_718|marathi_718.wav|माझ्या आईची आई अत्यंत नियमित व दक्ष होती, तिच्या घरातील भांडी आरशाप्रमाणे स्वच्छ असत
marathi_719|marathi_719.wav|माझ्या आईचे लग्न लहानपणीच झाले होते, सासर श्रीमंत होते
marathi_720|marathi_720.wav|सासरची मंडळी गावात सरदार म्हणून मानली जात, निदान ते तरी स्वत:ला तसे समजत
marathi_721|marathi_721.wav|आईच्या अंगावर सोन्यामोत्याचे दागिने होते, पोत, पेटया, सरीवाकी, गोटतोडे, सारे काही होते
marathi_722|marathi_722.wav|भरल्या घरात, भरल्या गोकुळात ती पडली होती
marathi_723|marathi_723.wav|सासरचे तिचे नाव यशोदा ठेवण्यात आले होते, सासरी ती लहानाची मोठी होत होती
marathi_724|marathi_724.wav|कशाला तोटा नव्हता, चांगले ल्यायला, चांगले खायला होते
marathi_725|marathi_725.wav|उत्साही परिस्थितीत, सहानुभूतीच्या वातावरणात काम करावयास मनुष्य कंटाळत नाही, उलट चार धंदे करण्यात धन्यता व आनंद मानतो
marathi_726|marathi_726.wav|माझ्या वडिलांच्या अंगावर ते वयाने सतरा-अठरा वर्षांचे झाले नाहीत तोच सारी जबाबदारी पडली होती, कारण आजोबा थकले होते
marathi_727|marathi_727.wav|वडीलच सारा कारभार पाहू लागले, देवघेव तेच पहात
marathi_728|marathi_728.wav|आम्ही आमच्या वडिलांना भाऊ म्हणत असू व लोक त्यांना भाऊराव असे म्हणत
marathi_729|marathi_729.wav|आजूबाजूच्या खेडयांतील लोक आम्हांला खोत म्हणून संबोधीत
marathi_730|marathi_730.wav|खोत म्हणजे गावचा ठरीव शेतसारा वसूल करून सरकारकडे पाठवणारा बिनपगारी दलाल
marathi_731|marathi_731.wav|सरकारी शेतसा-याच्या जवळजवळ चौथा हिस्सा खोताला फायदा असतो
marathi_732|marathi_732.wav|खोत गावातील पिकांची आभावणी करतो, पिकांचा अंदाज करतो, याला पीक धरणे असे म्हणतात
marathi_733|marathi_733.wav|सध्याच्या जगाला लांडीलबाडी व प्रत्येक क्षेत्रातील जीव घेणी स्पर्धा, या दोन गोष्टींनी ग्रासलं आहे
marathi_734|marathi_734.wav|आपल्या अंगचा सज्जनपणा न सोड्ता, जर या परिस्थितीवर मात करुन तुम्हाला आपली ध्येय साध्य करायची असतील तर, अंगी चातुर्य बाणवण्याची आत्यंतीक गरज आहे
marathi_735|marathi_735.wav|उन्मत्तसिंग नावाचा एक अत्यंत जुलमी राजा होता
marathi_736|marathi_736.wav|त्याच्या छळाला व अत्याचाराला कंटाळून त्याची प्रजा आपापली गावे सोडून, दुसऱ्या राज्यात जाऊ लागली
marathi_737|marathi_737.wav|त्याचा प्रधान चतूर व प्रामाणिक होता, पण राजाला काही सांगू जाणं, म्हणजे स्वत:चं मरण स्वत:च ओढवून घेण्यासारखं होतं
marathi_738|marathi_738.wav|त्यामुळे राजाला ताळ्यावर कसं आणावं, हा त्याच्यापुढे प्रश्न पडला
marathi_739|marathi_739.wav|एकदा तो प्रधान शिकारीसाठी रानात बराच दूरवर गेला असता त्याला एका झाडाखाली जप करीत बसलेला साधू दिसला
marathi_740|marathi_740.wav|प्रधानाने घोडयावरुन उतरुन व त्या साधूजवळ जाऊन त्याला नमस्कार केला असता साधूनं त्याला विचारलं, कोण तुम्ही
marathi_741|marathi_741.wav|प्रधान म्हणाला, मी या राज्याचा मुख्य प्रधान आहे
marathi_742|marathi_742.wav|राजाच्या जुलमाला कंटाळून प्रजा स्थलांतर करीत असताना, ते केवळ उघडया डोळ्यांनी बघत राहण्यासाठीच तुम्ही प्रधान झाला आहात काय
marathi_743|marathi_743.wav|प्रजा घरेदारे सोडून दुसऱ्या राज्यात जाऊ लागली असताना तुम्ही केवळ राम राम म्हणत राहून स्वत:चीच मुक्ती साधणार आहात काय
marathi_744|marathi_744.wav|ज्या समाजाच्या जिवावर आजवर तुम्ही जगलात त्याला या जुलुमजबरदस्तीतून मुक्त करण्यासाठी काहीतरी प्रयत्न करणं हे तुमचं कर्तव्य नाही का
marathi_745|marathi_745.wav|प्रधानाच्या या प्रतिप्रश्नान काहीसा ओशाळून तो गोसावी म्हणाला, 'प्रधानजी ! मला झेपेल अशी कोणतीही कामगीरी तुम्ही मजवर सोपवा
marathi_746|marathi_746.wav|या राज्याच्या जुलमी राजाला ताळ्यावर आणण्यासाठी मी माझे प्राणही पणाला लावीन
marathi_747|marathi_747.wav|सुचतो आहे का तुम्हाला एखादा उपाय, तो गोसावी याप्रमाणे म्हणताच त्या चतुर प्रधानाच्या मनात काहीतरी कल्पना आली
marathi_748|marathi_748.wav|त्याने ती हळूच त्या गोसाव्याला सांगितली
marathi_749|marathi_749.wav|गोसाव्याने त्याप्रमाणे वागण्याचे वचन देताच प्रधान तिथून निघून गेला
marathi_750|marathi_750.wav|दुसऱ्या दिवशी राजा उन्मत्तसिंगाचा दरबार भरला असता, एक सेवक आत आला
marathi_751|marathi_751.wav|तो राजाला म्हणाला, महाराज, पक्ष्यांची भाषा जाणणारा एक बैरागी बाहेर आला असून, तो आपली भेट घेऊ इच्छितो
marathi_752|marathi_752.wav|त्यांना एक सुंदर स्त्री राजवाड्यातून बाहेर पडतांना दिसली
marathi_753|marathi_753.wav|राजाने आश्चर्यचकित होऊन त्या स्त्रीला हात जोडून नम्रपणे विचारले, आपण कोण आहात
marathi_754|marathi_754.wav|त्यावर त्या स्त्रीने सांगितले, मी लक्ष्मी आहे, आता या राजवाड्यातून मी जात आहे
marathi_755|marathi_755.wav|तेव्हा राजाने तिला सांगितले, तू जाऊ शकतेस
marathi_756|marathi_756.wav|लक्ष्मी बाहेर पडली, नंतर लक्ष्मीच्या पाठोपाठ एका सुंदर पुरुषाला राजवाड्याबाहेर पडतांना पाहून राजाने त्यालाही विचारले
marathi_757|marathi_757.wav|त्याने उत्तर दिले, माझे नाव दान आहे
marathi_758|marathi_758.wav|लक्ष्मी बाहेर गेल्यानंतर आपण दान करू शकणार नाही; म्हणून मीही तिच्यासह जात आहे
marathi_759|marathi_759.wav|राजाने सांगितले आपणसुद्धा राजवाडा सोडून जाऊ शकता
marathi_760|marathi_760.wav|त्यानंतर त्याच्या पाठोपाठ तिसरा पुरुष यश निघून गेला
marathi_761|marathi_761.wav|त्यानंतर चौथा पुरुष प्रकट झाला अन् बाहेर पडू लागला
marathi_762|marathi_762.wav|तेव्हा राजाने त्यालाही हात जोडून नम्रपणे त्याचे नाव विचारले
marathi_763|marathi_763.wav|तो पुरुष म्हणाला, माझे नाव सदाचार
marathi_764|marathi_764.wav|राजाने त्याला म्हटले, मी तर तुझा कधीच त्याग केला नाही, तू मला सोडून का जात आहेस
marathi_765|marathi_765.wav|तुझ्यासाठीच मी लक्ष्मी, दान आदींचा त्याग केला आहे, मी तुला जाऊ देणार नाही
marathi_766|marathi_766.wav|तू मला सोडून गेलास, तर माझे सर्वस्व जाईल
marathi_767|marathi_767.wav|राजाचे हे बोल ऐकून सदाचार राजवाड्यातच थांबला
marathi_768|marathi_768.wav|सदाचार बाहेर पडला नाही, हे पाहून बाहेर गेलेली लक्ष्मी, दान आणि यशही परत आले
marathi_769|marathi_769.wav|मुलांनो, सदाचाराने वागणे हेच आयुष्याचे सर्वस्व आहे
marathi_770|marathi_770.wav|जीवनात सदाचार, नीतीमत्ता, धर्माचरण, आदी नसेल, तर दान, लक्ष्मी, श्रीमंती, आदींचा काहीच उपयोग नाही
marathi_771|marathi_771.wav|एक राजा खूप मोठा देवभक्त होता
marathi_772|marathi_772.wav|गावात एक शंकराची पिंडी होती, त्याचा एक पुजारी होता
marathi_773|marathi_773.wav|तोही श्रद्धेने, मनोभावे देवाची पूजा आणि सेवा करायचा
marathi_774|marathi_774.wav|त्याला मधून मधून देवदर्शन होत असे
marathi_775|marathi_775.wav|राजा रोज देवळात जायचा, देवासाठी सोन्याच्या ताटातून जेवण पाठवायचा, देवासाठी दानधर्म करायचा
marathi_776|marathi_776.wav|राजाला वाटायचे, मी देवासाठी इतके करतो, तरी मला देवदर्शन का होत नाही
marathi_777|marathi_777.wav|पुजारी तर देवाला काहीच देत नाही, तरी त्याला देव कसा दर्शन देतो
marathi_778|marathi_778.wav|एके दिवशी राजा देवळात गेला असतांना पुजारी पूजा करत होता, तेवढ्यात थोडा भूकंप झाला
marathi_779|marathi_779.wav|देवळाच्या भिंती आणि छप्पर हलू लागले
marathi_780|marathi_780.wav|पुजारी पिंडीवर ओणवा झाला; कारण छप्पर पडले, तर देवाला लागू नये
marathi_781|marathi_781.wav|राजा लगेच पळून गेला, त्या वेळी पुजार्याला देवदर्शन का होते, हे राजाला समजले
marathi_782|marathi_782.wav|एक गृहस्थ म्हातारपणामुळे बराच थकला होता
marathi_783|marathi_783.wav|आयुष्यात चांगली कमाई करून आणि स्वत: चांगले जीवन जगूनसुद्धा त्याच्या पाच मुलांमध्ये सदान्-कदा चालणाऱ्या भांडणांमुळे तो दु:खी होई
marathi_784|marathi_784.wav|त्याने आपल्या मुलांना बराच उपदेश केला; पण उपड्या घड्यावर पाणी
marathi_785|marathi_785.wav|एके दिवशी त्याने आपल्या पाचही मुलांना प्रत्येकी हातभर लांबीची एक-एक काठी घेऊन यायला सांगितले
marathi_786|marathi_786.wav|त्याप्रमाणे ती मुले एक-एक काठी घेऊन आली
marathi_787|marathi_787.wav|त्या गृहस्थाने त्यांच्यापैकी प्रत्येकाला आपापली काठी मोडण्यास सांगितले
marathi_788|marathi_788.wav|वडिलांनी सांगितलेली ती गोष्ट प्रत्येक मुलाने लगेचच करून दाखवली
marathi_789|marathi_789.wav|पुन्हा त्या गृहस्थाने त्या मुलांना तशाच प्रकारची एकेक काठी घेऊन यायला सांगितले
marathi_790|marathi_790.wav|पाच जणांनी पाच काठ्या आणून वडिलांपुढे ठेवल्या
marathi_791|marathi_791.wav|वडिलांनी त्या पाच काठ्यांची एका दोरीने मोळी बांधली, आणि प्रत्येकाला ती मोडायला सांगितली
marathi_792|marathi_792.wav|पाच काठ्या एकत्र असलेली ती मोळी होती
marathi_793|marathi_793.wav|आपल्या पाच मुलांपैकी कुणालाच मोडता येत नसल्याचे पाहून तो गृहस्थ त्यांना म्हणाला, बघितलंत ना, एकीचे बळ किती असते ते ?
marathi_794|marathi_794.wav|वडील एवढेच बोलले; पण ते सूज्ञ मुलगे समजायचे ते समजले
marathi_795|marathi_795.wav|तेव्हापासून ते एकजुटीने वागू लागले
marathi_796|marathi_796.wav|एका गावात रथोत्सव चालू असतो
marathi_797|marathi_797.wav|भाविक तो रथ एका गावातून दुसऱ्या गावात वाजत-गाजत नेत असतात
marathi_798|marathi_798.wav|मध्येच रथाचे एक चाक तुटून जाते, त्यामुळे भाविक चिंतित होतात
marathi_799|marathi_799.wav|त्यांना प्रश्न पडतो, रथातील देवाला दुसऱ्या गावाला कसे पोहोचवायचे ?
marathi_800|marathi_800.wav|भाविक पर्यायी म्हणून बैलगाडी, घोडागाडी शोधतात; पण काहीही उपलब्ध होत नाही
marathi_801|marathi_801.wav|मार्गात मध्येच भाविकांना कचरा खाणारे एक गाढव दिसते
marathi_802|marathi_802.wav|सर्व जण त्याला चंदनतैलादी लावून आंघोळ घालतात
marathi_803|marathi_803.wav|रेशमी वस्त्र घालून सजवतात आणि त्यावर देवाला बसवतात
marathi_804|marathi_804.wav|उत्सव पुन्हा चालू होतो अन् सर्वजणदुसऱ्या गावाकडे प्रयाण करतात
marathi_805|marathi_805.wav|काही भाविक गाढवावरील देवाला हार घालू लागतात
marathi_806|marathi_806.wav|काही वेळाने देवाला हार घालायला जागा राहात नाही
marathi_807|marathi_807.wav|म्हणून लोक गाढवालाच भक्ती-भावाने हार घालू लागतात
marathi_808|marathi_808.wav|मार्गाने जातांना गाढव विचार करते, आत्तापर्यंत कधी मिळाले नाही, ते राजवैभव मला आज कसे काय मिळत आहे
marathi_809|marathi_809.wav|देवाला ओवाळत असलेली आरती आपल्यासाठी आहे, असे गाढव मानू लागले आणि त्यामुळे ते अधिकच आनंदी झाले
marathi_810|marathi_810.wav|काही क्षणांनंतर त्याच्या मनात विचार आला
marathi_811|marathi_811.wav|मला हे राजवैभव मान्य आहे; पण माझ्या पाठीवर काहीतरी ओझे आहे
marathi_812|marathi_812.wav|हा विचार आल्यावर ते स्वतःचे अंग झाडते, त्यामुळे त्याच्या पाठीवरील देव खाली पडतो
marathi_813|marathi_813.wav|हे पाहून भाविक भडकतात आणि गाढवाला धोपटतात
marathi_814|marathi_814.wav|जोपर्यंत आपल्यावर देवाची कृपा आहे, आपल्याजवळ त्याचा वास आहे, तोपर्यंतच आपल्याला मानसन्मान आणि समाजाकडून लाभणारे प्रेम मिळणार आहे
marathi_815|marathi_815.wav|ज्या क्षणी अहंकार बळावतो, त्या वेळी आपली स्थिती गाढवापेक्षा वेगळी राहत नाही
marathi_816|marathi_816.wav|म्हणून देवाला विसरू नये, अहंरहित रहावे, सर्व मानसन्मान देवाचरणी अर्पण करावेत
marathi_817|marathi_817.wav|एक माणूस परीस शोधायला निघाला
marathi_818|marathi_818.wav|त्यासाठी रस्त्यात जो दगड येईल तो घ्यायचा, गळ्यातल्या साखळीला लावायचा आणि फेकून द्यायचा
marathi_819|marathi_819.wav|असा त्याचा दिनक्रम सुरू झाला
marathi_820|marathi_820.wav|दिवस गेले, महिने लोटले, वर्षे सरली, पण त्याच्या दिनक्रमात बदल झाला नाही
marathi_821|marathi_821.wav|शेवटी तो माणूस म्हातारा झाला
marathi_822|marathi_822.wav|ज्या क्षणि तो आपले शेवटचे श्वास मोजत होता, त्यावेळी अचानक त्याचे लक्ष त्याच्या गळ्यातील साखळीकडे गेले
marathi_823|marathi_823.wav|ती साखळी सोन्याची झाली होती
marathi_824|marathi_824.wav|दगड घ्यायचा, साखळीला लावायचा आणि फेकून द्यायचा या नादात त्याचे साखळीकडे लक्षच गेले नाही
marathi_825|marathi_825.wav|प्रत्येकाच्या जीवनात एकदा तरी परीस येत असतो
marathi_826|marathi_826.wav|कधी आई- वडिलांच्या रूपाने, तर कधी भाऊ-बहिणींच्या नात्याने, कधी मित्राच्या मैत्रिणीच्या नात्याने, तर कधी प्रेयसीच्या नात्याने
marathi_827|marathi_827.wav|कोणत्या ना कोणत्या रूपात तो आपल्याला भेटत असतो, आणि आपल्यातल्या लोखंडाचे सोने करीत असतो
marathi_828|marathi_828.wav|आपण जे काही असतो, किंवा बनतो, त्यात त्यांचा बराच हातभार असतो
marathi_829|marathi_829.wav|पण फार कमी लोक या परीसाला ओळखू शकतात
marathi_830|marathi_830.wav|मुंबई कधीही न झोपणार शहर, पण इथे सुद्धा मनमोहक सकाळ रोज होते बर का!
marathi_831|marathi_831.wav|अशीच सकाळची वेळ होती, सुर्यदेवांची कोवळी किरणे अलगद शरीरास स्पर्श करून जात होती
marathi_832|marathi_832.wav|काल रात्री एका मित्राने सकाळी भेटण्याचं वचन माझ्याकडून घेतल होत, त्यालाच भेटण्यासाठी म्हणून मी घराबाहेर पडलो
marathi_833|marathi_833.wav|ठरल्या ठिकाणी अगदी वेळेच्या आधीच पोचायची माझी सवयच होती
marathi_834|marathi_834.wav|साधारण साडे नऊ ची वेळ असावी
marathi_835|marathi_835.wav|ह्या अनोळखींच्या जगात तिथे मी एकटाच होतो जो प्रत्येक येणाऱ्या, जाणाऱ्यांकडे टक लाऊन पाहत होतो
marathi_836|marathi_836.wav|मिनिटाला शंभर पावल, असा इथे नियम असतो, हे वाक्य खरच आहे, हे त्या दिवशी मी प्रत्यक्ष अनुभवलं
marathi_837|marathi_837.wav|तितक्यात काही पावलं, माझ्या दिशेने दबकत येताना जाणवली
marathi_838|marathi_838.wav|पण मागे वळून पाहण्याच्या अगोदरच, कोणीतरी माघून डोळे गच्च पकडले
marathi_839|marathi_839.wav|अनेकांची नावं घेतली, पण नकारार्थी हुंकार कानावर पडले
marathi_840|marathi_840.wav|डोळ्यांवरचा हाथ अलगद सरकला, ती व्यक्ती दृष्टीक्षेपात आली
marathi_841|marathi_841.wav|ती होती सतरा ते अठरा दरम्यान रेंगाळत असलेली एक तरुणी, जीला मी पहिल्यांदाच पाहत होतो
marathi_842|marathi_842.wav|मी काही बोलण्याचा अगोदरच ती उत्साहाने बोलली
marathi_843|marathi_843.wav|पण तिच्या चाललेल्या बऱ्याच वेळेच्या बडबडीत एक गोष्ट उमजली
marathi_844|marathi_844.wav|अगदी योगायोगाने मी त्या दिवशी त्याच पोशाखात तिथे पोहोचलो होतो
marathi_845|marathi_845.wav|तिला बऱ्याचदा सांगण्याचा प्रयत्न केला पण ती काही बोलू देईनाच
marathi_846|marathi_846.wav|ती काय बोलत होती ह्याकडे माझ पूर्ण लक्ष होत
marathi_847|marathi_847.wav|शेवटी मला कॉलेज ला उशीर होतोय, आपण उद्या पुन्हा इथेच भेटू अस बोलून ती निघून गेली
marathi_848|marathi_848.wav|प्रत्यक्ष दहा मिनिटं माझ्या पुढे उभी राहून मला एकही शब्द बोलू न देणाऱ्या त्या अनोळखी मुलीला
marathi_849|marathi_849.wav|तिच्या होणाऱ्या गैरसमजाबद्दल उद्या नक्की सांगू असा निश्चय करून, मी त्या विचारांना स्वल्पविराम दिला
marathi_850|marathi_850.wav|ज्याला भेटायला आलो तो अजून आला नाही म्हणून मी त्याला फोन लावला
marathi_851|marathi_851.wav|त्याचाशी बोलत असतानाच अचानक खांद्यावर भक्कम अशी थाप पडली
marathi_852|marathi_852.wav|फोन सावरतच मी त्या दिशेला वळलो
marathi_853|marathi_853.wav|साधारण माझ्याच वयाचा पण उंचीने माझ्याहून चार बोटे उंच असलेला एक तरुण होता तो
marathi_854|marathi_854.wav|रंगाने गोरा, पर्सनैलिटी कि म्हणतात ती खूप छान होती
marathi_855|marathi_855.wav|त्याचात आणि माझ्यात थोड सुद्धा साम्य नव्हत, फोन ठेवत मी त्याला विचारल, कोण तू?
marathi_856|marathi_856.wav|ती मुलगी गेलेल्या दिशेने बोट दाखवत तो बोलला, ती इथे मला भेटायला आली होती
marathi_857|marathi_857.wav|तिला मला भेटायचं नव्हतच, फक्त माल कसा आहे ते पाहून मग पटवणार होतो
marathi_858|marathi_858.wav|म्हणूनच तर मी तिने सांगितलेला पोशाख पण घालून नाही आलो, पहा
marathi_859|marathi_859.wav|त्याचे ते शब्द कानात एखाद्या बाणासारखे घुसत होते
marathi_860|marathi_860.wav|स्पष्टीकरण देताना बोलला कि, काही दिवसांपूर्वी ऑर्कुट वर त्यांची ओळख झाली होती
marathi_861|marathi_861.wav|बऱ्याच दिवसांच्या टाइम पास नंतर, आज इथे तिला प्रत्यक्ष पहायचं होत
marathi_862|marathi_862.wav|क्षणभर खूप राग आला त्याच्या अशा ऐटिटूड चा
marathi_863|marathi_863.wav|पण व्यक्त करायला माझा त्याचाशी, किंवा तिच्याशी तरी, काय संबंध, म्हणून शांतच उभा होतो
marathi_864|marathi_864.wav|काही वेळ असेच अजागळ उद्गार काढून तो निघून गेला
marathi_865|marathi_865.wav|त्या दोघांशी, साधी ओळखही नसताना, त्या दोन अनोळखी जीवांच्या विचारांत, किती फरक होता
marathi_866|marathi_866.wav|माझ मन, त्या दोघांची तुलना करण्यात व्यस्त झाल
marathi_867|marathi_867.wav|ती मुलगी किती भोळी, जिने आंधळा विश्वास ठेऊन, ह्याचाशी जवळीक केली, आणि त्याचे तिच्या बद्दलचे विचार इतके घाणेरडे
marathi_868|marathi_868.wav|कधी नाही, ती त्या अनोळखी मुलीबद्ल, चिंता वाटू लागली, डोळेही किंचितसे पाणावले
marathi_869|marathi_869.wav|डोळ्यातले पाणी अलगद रुमालाने टिपले
marathi_870|marathi_870.wav|कदाचित त्या मुलीच्या पदरात पुण्ण्याचा साठा जास्त असावा, म्हणून नियतीने हि भेट घडवून आणली असावी
marathi_871|marathi_871.wav|जर असेच काही असेल तर तिला ह्या सर्व प्रकारातून बाहेर काढण्याची जबाबदारी मी नक्की पार पाडेल
marathi_872|marathi_872.wav|उद्या, तिची ह्याच ठिकाणी भेट घेऊन, तिला सर्व सांगेन, आणि ह्यातून सावरण्याचा प्रयत्न करेल
marathi_873|marathi_873.wav|हा लेख जरी, वाचताना अपूर्ण वाटत असला, तरी ह्याचा शेवट ठरलेला आहे
marathi_874|marathi_874.wav|ते दोघेही त्यांचं स्वतंत्र जीवन आपापल्या पद्धतीने जगायला काहीच दिवसांत सज्ज असतील, असे मी घडवून दाखवेल
marathi_875|marathi_875.wav|आपण ह्या सोशल नेटवर्किंगच्या जमान्यात वावरणारे, रोज असंख्य नाती जोडतो
marathi_876|marathi_876.wav|त्यांची कदरही तितकीच करायला पाहिजे
marathi_877|marathi_877.wav|अनोळखी म्हणून काय झाल, प्रत्येकाला स्वतंत्र भावना आहेत, त्यांना जपलं पाहिजे
marathi_878|marathi_878.wav|प्रत्येकाला एक मन नावाचे गोष्ट आहे, तिचा विचारही केला पाहिजे
marathi_879|marathi_879.wav|विश्वास ठेऊन नात्यांत आणल्या गेलेल्या जवळीकतेचा गैरफायदा घेणारे आणखी जन्मायला नकोत
marathi_880|marathi_880.wav|परवाच एका स्फोटात मेलो, पहिल्याच झटक्यात स्वर्गात गेलो
marathi_881|marathi_881.wav|स्वर्गात जाताच टिळक भेटले, नमस्कार म्हणताच प्रसन्न हसले
marathi_882|marathi_882.wav|टिळकांनी विचारले, स्वातंत्र्यानंतर बदललय का काही ?
marathi_883|marathi_883.wav|म्हटलं छे हो, सरकारच डोक ठिकाणावर नाही
marathi_884|marathi_884.wav|आजही स्वातंत्र्यासाठी आम्ही रक्तच देतो, पण आझाद मात्र काश्मीर होतो
marathi_885|marathi_885.wav|दुरवर सावरकर दिसले म्हणुन धावलो, म्हटलं तात्या आज जन्माच पुण्य पावलो
marathi_886|marathi_886.wav|ते म्हणाले, सध्या तरी सगळ निवांत आहे, स्वर्गात काँग्रेसवाला नाही तर सगळ शांत आहे
marathi_887|marathi_887.wav|त्यांनाच विचारले तात्या इथे शिवराय कुठे राहतात
marathi_888|marathi_888.wav|म्हणाले, ते पहा सौधातुन आपल्याकडेच पाहतात
marathi_889|marathi_889.wav|छत्रपतींचा विजय असो म्हणुन चटकन हात जोडले, पण घडले भलतेच, ते माझ्यावरच ओरडले
marathi_890|marathi_890.wav|काय रे ? कोण्या जेम्स लेनने म्हणे बत्तमीजी केली, तुमची अक्कल तेव्हा सांगा कोठे चरायला गेली ?
marathi_891|marathi_891.wav|मान वर करायची माझी हिम्मत होत नव्हती, महाराजांची नजर माझ्यावरुन ढळत नव्हती
marathi_892|marathi_892.wav|मी म्हणालो, कबुल आहे महाराज तुमची स्वप्न आम्हाला कळलीच नाही
marathi_893|marathi_893.wav|पैसा सोडुन आमची नजर दुसरीकडे वळलीच नाही, पण रक्षणकर्तेच लांडग्यांसारखे नेमके आवाज हेरतात
marathi_894|marathi_894.wav|ब्र म्हणायचा अवकाश लगेच गाढवाचे नांगर फिरवतात
marathi_895|marathi_895.wav|खाली आता न्याय बरेचदा विकत मिळतो, कोणीही आपल्या गाडीखाली गरिबांना चिरडतो
marathi_896|marathi_896.wav|हे सगळे ऐकुन महाराजांच्या गालांचे कल्ले थरारले
marathi_897|marathi_897.wav|आमचं केविलवाण जग पाहून डोळ्यात पाणी तरारले
marathi_898|marathi_898.wav|क्षणभर राजेपण विसरुन ते दुःखाने थरथरले, आणि मग आमच हे अस वागणं बघुन रागाने बिथरले
marathi_899|marathi_899.wav|पाय लटपटले, मला वाटले, आता कंबख्ति भरली म्हणुन समज
marathi_900|marathi_900.wav|चुकिची शिक्षा गर्दन मारलीच म्हणुन समज
marathi_901|marathi_901.wav|पण मेलेल्यांना मारायला ते खुर्चीतले नेते नव्हते
marathi_902|marathi_902.wav|न्याय कठोर असले तरि ह्रदय त्यांचे रीते नव्हते
marathi_903|marathi_903.wav|मान खाली घालुन तसाच पुढे गेलो, काय आश्चर्य स्वर्गात मला औरंगजेब भेटला, म्हणे काफरांना मारुनच तर स्वर्ग गाठला
marathi_904|marathi_904.wav|जिन्हा सुद्धा तिथेच होता, म्हणाला लवकरच आमची संख्या इथे लाखांवर जाईल, आणि मग स्वर्गाची सुद्धा फाळणी होईल
marathi_905|marathi_905.wav|त्याला म्हणालो जरी स्वर्गाची फाळणी होणार असेल, तरी पंचावन्न कोटी द्यायला गांधी स्वर्गात नसेल
marathi_906|marathi_906.wav|तुम्ही अजून किती मागणार दुसऱ्यांकडून आडोसे, ईथे पून्हा जन्म घेतील हजारो नथुराम गोडसे
marathi_907|marathi_907.wav|त्याला मूतोड जवाब देवून तसाच पुढे निघालो
marathi_908|marathi_908.wav|स्वर्गात मला महात्मा फुले भेटले, त्यांना पाहून डोळ्यात माझ्या आश्रूंचा सागर दाटला
marathi_909|marathi_909.wav|कस सांगु तूम्हाला खाली आता शिक्षणाचा काळा बाजार थाटला
marathi_910|marathi_910.wav|हे सर्वजण रात्री मला एकत्र भेटले, आजच्या माणसाची व्यथा ऐकुन रागाने पेटले
marathi_911|marathi_911.wav|ते म्हणाले, आम्ही केलेल्या कार्याला काहीच नाही का अर्थ, आमचे प्रयत्न, आमचे बलीदान सगळेच कसे गेले व्यर्थ?
marathi_912|marathi_912.wav|शिवरायांनी निर्माण केलेल्या स्वराज्यातच भ्रष्टाचार कसा काय आला
marathi_913|marathi_913.wav|माणसाच्या स्वार्थी वृत्तीमूळे सामान्य माणूस पूरता बेजार झाला
marathi_914|marathi_914.wav|मंदिर, मुर्ती, पुतळे बांधुन देवधर्म तुम्ही करता, पण माणसातील खऱ्याखूऱ्या देवालाच तुम्ही पुन्हा पुन्हा मारता
marathi_915|marathi_915.wav|सर्व जीवांमध्ये मानवाला सर्वात श्रेष्ठ बनवलं, पण या माणसानेच आज माणसातील माणुसपण नष्ट केलं
marathi_916|marathi_916.wav|बोलताना वाईट वाटते पण आता वेळ आली आहे विचार करण्याची, खरच चुकी केली का माणूस हा प्राणी बनण्याची
marathi_917|marathi_917.wav|बोलून बोलून थकले आणि झाले सगळे शांत
marathi_918|marathi_918.wav|अजूनही वेळ गेली नाही सुधारा आपले आयुष्य, नाहीतर मनुष्याच्या विनाशाला कारणीभूत ठरेल, फक्त आणि फक्त मनुष्य
marathi_919|marathi_919.wav|एकदा एका माणसाला त्याच्या घोड्यासमवेत एक नदी पार करायची असते
marathi_920|marathi_920.wav|परंतु त्याला नदीची खोली माहीत नसल्याने तो तिथेच काठावर विचार करत बसतो
marathi_921|marathi_921.wav|मदतीसाठी आजुबाजुला पाहत असताना त्याला तेथे एक लहान मुलगा दिसतो
marathi_922|marathi_922.wav|तेव्हा त्या माणसाने लहान मुलाला नदीच्या खोलीबद्दल विचारले
marathi_923|marathi_923.wav|मुलाने घोड्याकडे एकदा पाहीले आणि क्षणभर थांबुन तो विश्वासाने म्हणाला
marathi_924|marathi_924.wav|निश्चींतपणे जा, तुमचा घोडा नदी सहज पार करु शकेल
marathi_925|marathi_925.wav|मुलाचा सल्ला मानुन त्या माणसाने नदी पार करण्यास सुरुवात केली
marathi_926|marathi_926.wav|परंतु नदीच्या मध्यावर पोहोचल्यावर त्याच्या लक्षात आले की नदी खुप खोल आहे, आणि तो जवळ जवळ बुडायलाच आला
marathi_927|marathi_927.wav|कसाबसा तो त्यातून सावरला आणि बाहेर येउन त्या मुलावर जोरात खेकसला
marathi_928|marathi_928.wav|मुलगा पुरता घाबरला होता आणि घाबरत घाबरतच बोलला
marathi_929|marathi_929.wav|पण माझी बदके तर खुप लहान आहेत आणि ते दररोज नदी पार करतात, त्यांचे पाय तर तुमच्या घोड्यापेक्षा खुप लहान आहेत
marathi_930|marathi_930.wav|उगाच कोणाचाही सल्ला ऐकण्याआधी त्यांना खरोखरच काही माहीती आहे का ते जाणुन घ्या
marathi_931|marathi_931.wav|एका माणसाने आपला नेहमीचा वेष बदलला, दाढी वाढविली, गळ्यात सोन्याची जाड चेन, हातात ३ जाडजूड अंगठ्या घातल्या
marathi_932|marathi_932.wav|भारतातील सर्वात मोठ्या महाविद्यालयातील मुख्याध्यापकाकडे नोकरी मागण्यासाठी गेला
marathi_933|marathi_933.wav|नमस्कार, मी विद्यार्थाना अतिशय चांगल शिक्षण देईन, चांगले संस्कार लावेन असे मी आश्वासन देतो, मला नोकरी द्या
marathi_934|marathi_934.wav|इथे अतिशय उच्चशिक्षित लोकांना सुद्धा नोकरी मिळणे अवघड आहे, तसेच तुम्ही तर एका गुंडा सारखे दिसता
marathi_935|marathi_935.wav|तुम्ही आमच्या विद्यार्थांचे आणि ह्या महाविद्यालयाचे भवितव्य काय घडवणार?
marathi_936|marathi_936.wav|ठीक आहे तर मग मी ह्या महाविद्यालयाचे विश्वस्त जे भारताचे मंत्री आहेत त्यांच्याशी बोलतो
marathi_937|marathi_937.wav|मुख्याध्यापक जे म्हणत आहेत ते बरोबर आहे, महाविद्यालयात सुशिक्षित शिक्षकाची गरज आहे
marathi_938|marathi_938.wav|तुमच्या सारखे लोक विद्यार्थांचे व ह्या महाविद्यालयाचे भवितव्य कसे घडवू शकणार?
marathi_939|marathi_939.wav|हे ऐकून तो माणूस हसू लागतो, आपला खराखुरा वेष समोर आणून म्हणतो
marathi_940|marathi_940.wav|माननीय मुख्याध्यापक व मंत्री साहेब, जर विद्यार्थांचे भवितव्य घडविण्यासाठी उच्चशिक्षित शिक्षकाची जरुरी आहे
marathi_941|marathi_941.wav|आपल्या भारत देशाचे व भारत वासियांचे भवितव्य घडवण्यासाठी सुद्धा उच्चशिक्षित लोकांची गरज आहे
marathi_942|marathi_942.wav|मी माझी वेशभूषा बदलून तुमच्यापर्यंत तुम्हाला हीच गोष्ट पटवून देण्यासाठी आलो होतो
marathi_943|marathi_943.wav|कृपया भारत देशाला महाविद्यालया एवढेच महत्व देऊन उच्चशिक्षित लोकांची भरती आपल्या सरकार मध्ये करावी
marathi_944|marathi_944.wav|दोन संन्यासी, म्हणजे गुरु-शिष्य ८ महिन्यांनी पावसाळ्यात परत त्यांच्या झोपड्यांकडे आले
marathi_945|marathi_945.wav|आल्यावर त्यांनी बघितले की, झोपड्यांचे अर्धे छप्पर उडून गेले आहे
marathi_946|marathi_946.wav|शिष्य म्हणाला, बघा, आपण भगवंताची आठवण करून करून मरतो, त्याचे फळ!
marathi_947|marathi_947.wav|म्हणून मी सांगतो, प्रार्थना, पूजा इत्यादींत काही अर्थ नाही
marathi_948|marathi_948.wav|दुष्टांचे बंगले चांगले राहिले आणि आपल्या झोपड्या पडल्या
marathi_949|marathi_949.wav|ज्या वेळी तो हे रागाने सांगत होता, त्या वेळी गुरु आनंदाने परमात्म्याला सांगत होते
marathi_950|marathi_950.wav|परमात्म्या, तुझी कृपा म्हणून अर्धे छप्पर अजूनही आहे
marathi_951|marathi_951.wav|शिष्य चिंतेत होता; म्हणून त्याला रात्रभर झोप लागली नाही
marathi_952|marathi_952.wav|गुरु पहाटे उठले, त्या वेळी अर्ध्या छपरातून चंद्र दिसत होता
marathi_953|marathi_953.wav|त्यांनी कविता लिहिली, त्या कवितेत होते, देवा, आम्हाला आधीच ज्ञात असते, तर आम्ही आधी अर्धेच छप्पर बांधले असते
marathi_954|marathi_954.wav|आता आम्ही झोपतांना चंद्रही बघू शकतो
marathi_955|marathi_955.wav|बक-यांच्या एका कळपावर एका वाघिणीने झेप घेतली
marathi_956|marathi_956.wav|वाघीण गरोदर होती, उडी मारता मारताच ती व्यायली आणि थोड्याच वेळाने मरण पावली
marathi_957|marathi_957.wav|तिचे पिल्लू त्या बक-यांच्या कळपात वाढू लागले, बकऱ्यांसह तेही पालापाचोळा खाऊ लागले
marathi_958|marathi_958.wav|बकऱ्या बें बें करीत, तसेच तेही बें बें करू लागले
marathi_959|marathi_959.wav|हळूहळू ते पिल्लू बरेच मोठे झाले
marathi_960|marathi_960.wav|एक दिवस त्या बकऱ्यांच्या कळपावर एका वाघाने आक्रमण केले
marathi_961|marathi_961.wav|कळपातील गवत खाणाऱ्या वाघाला पाहून तो रानातील वाघ आश्चर्यचकित झाला
marathi_962|marathi_962.wav|धावत जाऊन त्याने त्या गवत खाणाऱ्या वाघाला पकडले, तो बे-बें करून ओरडू लागला
marathi_963|marathi_963.wav|रानातल्या वाघाने त्याला ओरडत फरफटत तलावापाशी नेले
marathi_964|marathi_964.wav|मग तो त्याला म्हणाला, पहा, जरा पाण्यात आपले प्रतिबिंब पहा, पाण्यात तुझे तोंड दिसते आहे
marathi_965|marathi_965.wav|नीट पहा, तू अगदी माझ्यासारखा दिसत आहेस आणि हे घे थोडेसे मांस खा
marathi_966|marathi_966.wav|असे म्हणून रानातल्या वाघाने त्याच्या तोंडात बळेबळे मांस कोंबले
marathi_967|marathi_967.wav|आधी तो गवत्या वाघ मांस खायला सिद्ध होईना
marathi_968|marathi_968.wav|तो एक सारखे बें बें करून ओरडत होता
marathi_969|marathi_969.wav|थोडीशी रक्ताची चटक लागताच तो ते मांस आनंदाने खाऊ लागला
marathi_970|marathi_970.wav|तेव्हा रानातला वाघ म्हणाला, कळले ना आता, अरे, जो मी आहे तोच तू आहेस, चल आता माझ्यासह वनात
marathi_971|marathi_971.wav|एक राजा आणि शेठजी यांची गाढ मैत्री होती
marathi_972|marathi_972.wav|शेठजी चंदनाच्या लाकडांचा व्यापारी होता
marathi_973|marathi_973.wav|चार पाच वर्षे त्याच्या लाकडाची विक्री झालीच नाही
marathi_974|marathi_974.wav|त्याला असे वाटले की, हे लाकूड मूल्यवान आहे, हे लाकूड कोण विकत घेईल ?
marathi_975|marathi_975.wav|हे केवळ राजाच विकत घेऊ शकतो
marathi_976|marathi_976.wav|शेठजीला असे वाटले की, राजा जर मेला, तर त्याला जाळण्याकरता चंदनाच्या लाकडांची आवश्यकता लागेल
marathi_977|marathi_977.wav|त्यामुळे माझा व्यापार चांगला होईल
marathi_978|marathi_978.wav|इकडे राजाच्या मनात शेठजींच्या विषयी कुभाव उत्पन्न झाला की, हा शेठजी निपुत्रिक आहे
marathi_979|marathi_979.wav|जर हा मेला, तर याचे धन राज्य भांडारात जमा होईल
marathi_980|marathi_980.wav|दोघांच्याही मनात असे कुविचार येऊन गेले
marathi_981|marathi_981.wav|जेव्हा ते भेटले, तेव्हा त्यांनी एकमेकांना आपापल्या मनातील विचार सांगितले
marathi_982|marathi_982.wav|राजाच्या मनात असे विचार यायचे कारण काय?
marathi_983|marathi_983.wav|शेठजींच्या मनात राजाविषयी वाईट विचार आला; म्हणून राजाच्या मनात त्याची प्रतिक्रिया उमटली
marathi_984|marathi_984.wav|राजाने शेठजींची कान उघडणी केली की, वाईट विचारांपेक्षा मनात चांगले विचार आणावे
marathi_985|marathi_985.wav|राजाने आपल्या महालाचे दरवाजे चंदनाचे करावे आणि माझे सर्व चंदन विकले जावे
marathi_986|marathi_986.wav|एकदा एक पिता-पुत्र एका घोड्याला घेऊन जात होते
marathi_987|marathi_987.wav|मुलाने वडिलांना सांगितले, तुम्ही घोड्यावर बसा, मी पायी चालतो
marathi_988|marathi_988.wav|वडील घोड्यावर बसले, रस्त्याने जात असता लोक म्हणू लागले, बाप निर्दयी आहे
marathi_989|marathi_989.wav|लहान मुलाला उन्हातून चालवतो आणि आपण मात्र आरामात घोड्यावर बसला आहे
marathi_990|marathi_990.wav|हे ऐकून वडिलांनी मुलाला घोड्यावर बसवले आणि आपण पायी चालू लागले
marathi_991|marathi_991.wav|पुढे भेटलेल्या लोकांनी म्हटले, मुलगा किती निर्लज्ज आहे पहा!
marathi_992|marathi_992.wav|आपण तरुण धडधाकट असूनही घोड्यावर बसला आहे आणि बापाला पायी चालवतो आहे!
marathi_993|marathi_993.wav|हे ऐकून दोघेही घोड्यावर बसले
marathi_994|marathi_994.wav|पुढे गेल्यावर लोक म्हणाले, हे दोघेही म्हसोबासारखे आहेत आणि छोट्याशा घोड्यावर बसले आहेत
marathi_995|marathi_995.wav|बिचारा यांच्या वजनाने दबून जाईल
marathi_996|marathi_996.wav|हे ऐकून दोघेही पायी चालू लागले
marathi_997|marathi_997.wav|काही अंतरावर गेल्यानंतर लोकांचे बोलणे ऐकू आले, किती मूर्ख आहेत हे लोक ?
marathi_998|marathi_998.wav|बरोबर घोडा आहे, तरीही आपले पायीच चालले आहेत
marathi_999|marathi_999.wav|काही केले तरी लोक टीका करतात
marathi_1000|marathi_1000.wav|लोकांना काय आवडेल, याकडे लक्ष देण्यापेक्षा भगवंताला आपण काय केलेले आवडेल, इकडे लक्ष द्या
marathi_1001|marathi_1001.wav|सगळ्या जगाला प्रसन्न करणे कठीण आहे, भगवंताला प्रसन्न करणे सोपे आहे
marathi_1002|marathi_1002.wav|कंबन हा तामिळनाडूमधील महाकवी होता
marathi_1003|marathi_1003.wav|तो प्रतिभावान आणि सूक्ष्मदर्शी विद्वानही होता
marathi_1004|marathi_1004.wav|त्याला ओटूक्कूत्तन नावाचा मित्र होता, तोही मोठा विद्वान होता
marathi_1005|marathi_1005.wav|कंबन रामायण रचतो आहे, हे समजल्यावर कूत्तनलाही स्फूर्ती आली
marathi_1006|marathi_1006.wav|त्यानेही तामिळमध्येच रामायण रचनेला प्रारंभ केला
marathi_1007|marathi_1007.wav|दोघांचीही रामायणे स्वतंत्रपणे चालू झाली आणि यथावकाश ती पूर्णही झाली
marathi_1008|marathi_1008.wav|कंबनचे रामायण लोकप्रिय झाले
marathi_1009|marathi_1009.wav|कंबन आपले रामायण गायला लागला की, श्रोते तल्लीन व्हायचे आणि वाहवा करायचे
marathi_1010|marathi_1010.wav|कंबन जाईल तेथे त्याचा आदर व्हायचा, सन्मान मिळायचा, सगळीकडे त्याचाच जयजयकार होता
marathi_1011|marathi_1011.wav|कूत्तन आपले रामायण गायला बसला की, श्रोते नगण्यच असायचे, त्यामुळे कूत्तन हिरमुसला व्हायचा
marathi_1012|marathi_1012.wav|त्याला आपले सारे श्रम वाया गेले, असे वाटायचे
marathi_1013|marathi_1013.wav|आपण उपेक्षित अवस्थेत जगणार अन् शेवटी मरणार, असा विचार करता करता त्याचे डोके सैरभैर झाले
marathi_1014|marathi_1014.wav|त्याच्या जीवनात सर्वत्र निराशेचा अंधार पसरला
marathi_1015|marathi_1015.wav|एके दिवशी कूत्तनने, स्वतःच रचलेले रामायण जाळून, त्या रामायणाची राख अंगाला फासून, गोसावी बनण्याचे ठरवले
marathi_1016|marathi_1016.wav|ही वाईट बातमी कंबनच्या कानी गेली, तो धावतपळत मित्राकडे पोहोचला
marathi_1017|marathi_1017.wav|त्याने पाहिले, तेव्हा कूत्तन, स्वतःच्या रचलेल्या रामायणाच्या पोथीचा, स्वाहाकार करत होता
marathi_1018|marathi_1018.wav|कंबन म्हणाला अरे वेड्या, हा काय प्रकार चालवला आहेस ?
marathi_1019|marathi_1019.wav|स्वतः रचलेले रामायण असे का जाळत आहेस?
marathi_1020|marathi_1020.wav|त्यावर कूत्तन म्हणाला, तुझ्यापुढे मी काजवा आहे
marathi_1021|marathi_1021.wav|माझ्या रामायणाला कोणीही विचारणार नाही, ते धूळ खात पडेल, त्यापेक्षा ते जाळलेले बरे !
marathi_1022|marathi_1022.wav|कंबनने कूत्तनचा हात पकडला, तेव्हा कूत्तनच्या रामायणातील उत्तरकांड तेवढे जाळायचे राहिले होते
marathi_1023|marathi_1023.wav|कंबनने ते स्वतःकडे घेतले, कंबन कूत्तनला म्हणाला, वेड्या, तू माझा मित्र ना!
marathi_1024|marathi_1024.wav|हा स्वाहाकार करायच्या आधी मला बोलायचेस तरी !
marathi_1025|marathi_1025.wav|आता मी सांगतो ते ऐक, तुझे रामायण लिहून पूर्ण झाले आहे
marathi_1026|marathi_1026.wav|माझ्या रामायणाचे उत्तरकांड अजून रचायचे आहे, ते मी आता रचणार नाही
marathi_1027|marathi_1027.wav|माझ्या रामायणाला तुझे हे उत्तरकांड जोडीन, म्हणजे रामायण पूर्ण होईल
marathi_1028|marathi_1028.wav|लोक तुला आणि मला रामायणकर्ते म्हणून ओळखतील !
marathi_1029|marathi_1029.wav|मित्रप्रेमाचा हा एक आदर्श ठरेल !!
marathi_1030|marathi_1030.wav|शूरसेन नावाचा एक राजा होता
marathi_1031|marathi_1031.wav|त्याने आपले राज्य पुष्कळ वाढवले, त्याची प्रजाही सुखी होती
marathi_1032|marathi_1032.wav|राजाला आपले शौर्य, राज्य, ऐश्वर्य आणि कर्तृत्व इत्यादी गोष्टींचा अभिमान होता
marathi_1033|marathi_1033.wav|त्याला अध्यात्म शिकण्याची इच्छा झाली, तेव्हा शूरसेनाने आपल्या प्रधानाला बोलावले
marathi_1034|marathi_1034.wav|राज्यातील सर्वश्रेष्ठ अध्यात्मातील अधिकारी असलेल्या गुरूंचा मानसन्मान करण्यास सांगितले
marathi_1035|marathi_1035.wav|अध्यात्म शिकवण्यासाठी त्यांना प्रतिदिन राजवाड्यात घेऊन येण्यास सांगितले
marathi_1036|marathi_1036.wav|आपल्या राजधानीच्या जवळच रानामध्ये एका झोपडीत आत्मानंद महाराज राहतात
marathi_1037|marathi_1037.wav|त्यांना साक्षात्कार झालेला आहे; पण ते येथे राजवाड्यात येतील, असे वाटत नाही
marathi_1038|marathi_1038.wav|तू रथ घेऊन जा, त्यांचा मानसन्मान कर आणि कसेही करून त्यांना घेऊन ये
marathi_1039|marathi_1039.wav|प्रधान आत्मानंद महाराजांकडे गेला
marathi_1040|marathi_1040.wav|त्यांच्या पाया पडला आणि राजाचा निरोप सांगितला
marathi_1041|marathi_1041.wav|हे पहा, मला राजवाड्याची आवश्यकता नाही
marathi_1042|marathi_1042.wav|राजाला अध्यात्म शिकायचे आहे, तर आवश्यकता राजाला आहे
marathi_1043|marathi_1043.wav|त्याला खरीच तळमळ असेल, तर त्याने माझ्या झोपडीत शिकायला यावे
marathi_1044|marathi_1044.wav|प्रधानाने राजास त्याप्रमाणे कळवले
marathi_1045|marathi_1045.wav|शेवटी राजा अध्यात्म शिकण्यासाठी आत्मानंदांच्या झोपडीत यायला सिद्ध झाला
marathi_1046|marathi_1046.wav|राजा झोपडीत आला, त्या वेळी झोपडीतील एका बाजूच्या खोलीत आत्मानंद महाराज बसलेले होते
marathi_1047|marathi_1047.wav|राजाने प्रधानासमवेत, मी आलो आहे, असा महाराजांना निरोप पाठवला
marathi_1048|marathi_1048.wav|त्यालावाटले, महाराज त्याच्या स्वागताला बाहेर येतील
marathi_1049|marathi_1049.wav|आत्मानंद महाराजांनी प्रधानाला सांगितले, राजांना घेऊन आपण माझ्या खोलीत या
marathi_1050|marathi_1050.wav|खोलीचे दार केवळ ४ फूट उंचीचे होते
marathi_1051|marathi_1051.wav|राजा आणि प्रधान यांना वाकून खोलीत यावे लागले
marathi_1052|marathi_1052.wav|आत्मानंद महाराजांनी उठून दोघांचे स्वागत केले
marathi_1053|marathi_1053.wav|शूरसेन राजा प्रसन्न झाला
marathi_1054|marathi_1054.wav|जातांना त्याने आत्मानंद महाराजांना नम्रपणे विचारले, महाराज, मी राज्यकारभार बघण्यात व्यस्त असतो
marathi_1055|marathi_1055.wav|माझ्या मनात आपल्याविषयी जास्त आदर आहे
marathi_1056|marathi_1056.wav|आपली येण्या-जाण्याची सर्व व्यवस्था सन्मानपूर्वक करण्यासाठी मी प्रधानाला सांगितले होते
marathi_1057|marathi_1057.wav|असे असतांना आपण मला येथे का बोलावलेत ?
marathi_1058|marathi_1058.wav|आत्मानंद महाराज म्हणाले, तू, मी राजा आहे, हा अभिमान सोडून झोपडीत आलास
marathi_1059|marathi_1059.wav|झोपडीत आल्यावरही चार फूट उंचीच्या दरवाजातूनवाकून माझ्याकडे आलास
marathi_1060|marathi_1060.wav|हाच तुझा अध्यात्मातला पहिला धडा होता, तू परीक्षेत उत्तीर्ण झाला आहेस
marathi_1061|marathi_1061.wav|उद्यापासून तुझ्या वेळेप्रमाणे मी राजवाड्यात येईन
marathi_1062|marathi_1062.wav|चौदाव्या शतकात देवगिरी राज्यावर राजा रामदेव राज्य करत होता
marathi_1063|marathi_1063.wav|यवन सम्राट बादशहा अल्लाउद्दीनने देवगिरीवर चढाई केली
marathi_1064|marathi_1064.wav|राजाला शरण येण्यास सांगितले; पण पराक्रमी रामदेवने त्याचा धिक्कार केला
marathi_1065|marathi_1065.wav|त्यामुळे अल्लाउद्दीन संतापला आणि प्रचंड सैन्यानिशी देवगिरीवर चालून गेला
marathi_1066|marathi_1066.wav|देवगिरीचा गड अभेद्य होता आणि त्यावरील सैन्य युद्ध पारंगत होते
marathi_1067|marathi_1067.wav|त्यामुळे अल्लाउद्दीनचे सैन्य टिकाव धरू शकले नाही
marathi_1068|marathi_1068.wav|त्याच्याशी दोन हात करतांना अल्लाउद्दीनचे असंख्य सैनिक मारले गेले
marathi_1069|marathi_1069.wav|त्यामुळे त्याला पराभव पत्करून मागे फिरावे लागले
marathi_1070|marathi_1070.wav|त्या वेळी देवगिरीवर मोठा विजयोत्सव साजरा झाला
marathi_1071|marathi_1071.wav|राजा रामदेवाच्या सैन्यातील एका पराक्रमी सरदारास पूर्वीच्या एका युद्धात वीरमरण आले होते
marathi_1072|marathi_1072.wav|त्याची मुलगी वीरमती हिला राजाने स्वतःच्या मुलीप्रमाणे सांभाळले
marathi_1073|marathi_1073.wav|ती उपवर होताच कृष्णराव नामक एका तरुणासमवेत तिचा विवाह निश्चित केला
marathi_1074|marathi_1074.wav|हा कृष्णराव अतिशय स्वार्थी आणि लोभी होता
marathi_1075|marathi_1075.wav|पराभव पत्करून अल्लाउद्दीन मागे परतत असतांना या कृष्णरावने त्याची भेट घेतली
marathi_1076|marathi_1076.wav|विजय मिळाल्यावर अल्लाउद्दीनने त्यास ‘देवगिरीचा राजा बनवावे, या अटीवर त्यास देवगिरी गडाचे रहस्य आणि त्यावरील सैन्यबलाची संपूर्ण माहिती दिली
marathi_1077|marathi_1077.wav|ते वृत्त कानी पडताच राजा रामदेवाने त्वरेने हालचाल केली
marathi_1078|marathi_1078.wav|आपल्या सर्व सरदारांची सभा बोलावून म्हणाला
marathi_1079|marathi_1079.wav|काहीतरी विशेष सूचना मिळाल्याविना पराजित होऊन गेलेला शत्रू पुन्हा आक्रमण करत नाही
marathi_1080|marathi_1080.wav|याचा अर्थ आपल्यापैकीच कोणीतरी त्याला फितूर झालेला आहे; पण चिंतेचे कारण नाही, आपण त्याला पुन्हा हरवू
marathi_1081|marathi_1081.wav|ते ऐकून सर्वांनी आपापल्या तलवारी बाहेर काढल्या
marathi_1082|marathi_1082.wav|या युद्धात आम्ही प्राणपणाने लढू आणि देवगिरीचे रक्षण करू
marathi_1083|marathi_1083.wav|त्या वेळी कृष्णराव काहीच बोलला नाही, त्यामुळे इतरांना त्याचे मोठे आश्चर्य वाटले
marathi_1084|marathi_1084.wav|त्यांनी त्याला गप्प बसण्याचे कारण विचारले
marathi_1085|marathi_1085.wav|तेव्हा ‘हा देशद्रोही आहे’, असे म्हणून वीरमती चवताळलेल्या वाघिणीसारखी त्याच्या अंगावर धावली
marathi_1086|marathi_1086.wav|विजेच्या चपळाईने कटीची तीक्ष्ण कट्यार उपसून त्याच्या छातीत खुपसली
marathi_1087|marathi_1087.wav|वीरमतीला कृष्णरावच्या प्रामाणिकपणाविषयी प्रथमपासूनच संशय होता, म्हणूनच तिने त्याच्यावर गुप्त पाळत ठेवली होती
marathi_1088|marathi_1088.wav|तो अल्लाउद्दीनला मिळाल्याचे समजताच तिच्या तळपायाची आग मस्तकात गेली होती
marathi_1089|marathi_1089.wav|तिला त्याच्या पापाचे शासन त्याला करायचे होते
marathi_1090|marathi_1090.wav|संधी मिळताच तिने त्याला धडा शिकवला
marathi_1091|marathi_1091.wav|मरता मरता कृष्णराव म्हणाला, मी देशद्रोही असलो, तरी तुझा पती आहे
marathi_1092|marathi_1092.wav|तेव्हा वीरमती म्हणाली, माझा तुमच्याशी विवाह होणार होता आणि मीही मनाने तुम्हालाच वरले होते
marathi_1093|marathi_1093.wav|तुमच्यासारख्या देशद्रोह्याला मारून मी देशकर्तव्य केले आहे
marathi_1094|marathi_1094.wav|आता पत्नीच्या धर्माचे पालन करते, असे म्हणून तिने तलवार उपसली आणि स्वतःच्या पोटात खुपसली
marathi_1095|marathi_1095.wav|दुसऱ्याच क्षणी ती गतप्राण होऊन कृष्णरावाच्या शवापाशी कोसळली
marathi_1096|marathi_1096.wav|एका गावात एक विधवा स्त्री राहत असे
marathi_1097|marathi_1097.wav|तिला एक जटील नावाचा मुलगा होता
marathi_1098|marathi_1098.wav|तो तिच्या जगण्याचा एकमेव आधार होता
marathi_1099|marathi_1099.wav|तिला ‘त्याने पुष्कळ शिकावे आणि नाव कमवावे’, असे मनापासून वाटायचे
marathi_1100|marathi_1100.wav|त्या वेळी त्यांच्या गावात शाळा नव्हती
marathi_1101|marathi_1101.wav|तिने त्याला शेजारच्या गावातील शाळेत घातले होते
marathi_1102|marathi_1102.wav|ते गाव त्यांच्या वस्तीपासून बरेच दूर होते
marathi_1103|marathi_1103.wav|जटीलला अभ्यासाची फारच आवड होती
marathi_1104|marathi_1104.wav|त्याचे गुरुजी प्रेमळ होते आणि शाळेतील सवंगडीही मनमिळाऊ होते
marathi_1105|marathi_1105.wav|त्यामुळे तो आनंदाने शाळेत जाई
marathi_1106|marathi_1106.wav|त्याला दिवसा जाण्यात काहीच वाटत नसे
marathi_1107|marathi_1107.wav|शाळा सुटल्यावर घरी परततांना मात्र वाटेत रान लागायचे
marathi_1108|marathi_1108.wav|निर्मनुष्य मार्गावरून श्वापदांचा वावर असलेल्या रानातून येतांना त्याला भीती वाटायची
marathi_1109|marathi_1109.wav|त्या वेळी तो बापडा जीव मुठीत घेऊन कसाबसा घर गाठायचा
marathi_1110|marathi_1110.wav|एके दिवशी त्याला रहावले नाही, त्याने रडत रडत आपली भीती आपल्या आईला सांगितली
marathi_1111|marathi_1111.wav|ती ऐकून तिलाही अश्रू आवरेनात
marathi_1112|marathi_1112.wav|दिवसभर दुसऱ्याकडे पोटासाठी राबणारी ती गरीब बाई मुलाला आणायला कशी जाणार ?
marathi_1113|marathi_1113.wav|पण तिने धीर सोडला नाही
marathi_1114|marathi_1114.wav|जटीलच्या पाठीवरून प्रेमाने हात फिरवत ती त्याला म्हणाली, या जगात ज्याला कोणी नाही, त्याला देवच सांभाळतो, त्याचे रक्षण करतो
marathi_1115|marathi_1115.wav|तू ज्या रानातून जातोस, तिथे तुझा गोपाळदादा राहतो
marathi_1116|marathi_1116.wav|तुला भीती वाटली, तर त्याला हाक मार, तोच तुला सोबत करील
marathi_1117|marathi_1117.wav|लहानग्या जटीलचा आपल्या आईच्या बोलण्यावर विश्वास बसला
marathi_1118|marathi_1118.wav|पुढे काही दिवसांनी तिन्ही सांजेच्या वेळी तो रानातून परतत असतांना त्याला वाघाची डरकाळी ऐकू आली
marathi_1119|marathi_1119.wav|ती ऐकताच तो भीतीने गारठला, काय करावे, हेच त्याला सुचेना
marathi_1120|marathi_1120.wav|तेवढ्यात त्याला आईचे शब्द आठवले आणि तो जिवाच्या आकांताने ओरडला
marathi_1121|marathi_1121.wav|गोपाळदादा धाव, आता तूच माझे रक्षण कर
marathi_1122|marathi_1122.wav|जटीलची मातृवचनावरील श्रद्धा दृढ करण्यासाठी स्वयंमेव भगवान श्रीकृष्ण गोपाळ स्वरूपात तेथे प्रकट झाला
marathi_1123|marathi_1123.wav|त्याने त्याला गावापर्यंत सुखरूप सोडले
marathi_1124|marathi_1124.wav|त्यानंतर ‘रान आले की, जटीलने हाक मारावी आणि गोपाळने तेथे येऊन त्याला सोबत करावी’, हा प्रतिदिन उपक्रम झाला
marathi_1125|marathi_1125.wav|त्याच्या आईला ही गोष्ट ठाऊक नव्हती
marathi_1126|marathi_1126.wav|जटील न घाबरता प्रतिदिन शाळेत जातोय, याचेच तिला समाधान वाटायचे
marathi_1127|marathi_1127.wav|एकदा गुरुजींकडे काही धार्मिक कार्यक्रम होता
marathi_1128|marathi_1128.wav|त्यासाठी त्यांनी प्रत्येक विद्यार्थ्याला घरून थोडे थोडे दूध आणायला सांगितले
marathi_1129|marathi_1129.wav|ते ऐकून जटीलला प्रश्न पडला
marathi_1130|marathi_1130.wav|घरच्या दारिद्र्यामुळे तो दूध कोठून आणणार ?
marathi_1131|marathi_1131.wav|त्याने आपली व्यथा गोपाळदादाला सांगितली
marathi_1132|marathi_1132.wav|दुसऱ्या दिवशी शाळेत जातांना गोपाळदादाने त्याला वाटीभर दूध आणून दिले
marathi_1133|marathi_1133.wav|जटील शाळेत गेला, तेव्हा त्या वाटीभर दुधाकडे पाहून सर्वांनीच त्याची थट्टा केली, त्यामुळे त्यास रडू आले
marathi_1134|marathi_1134.wav|ते पाहून भगवंतास फारच वाईट वाटले
marathi_1135|marathi_1135.wav|आपल्या प्रिय भक्ताची बाजू राखण्यासाठी त्याने एक चमत्कार केला
marathi_1136|marathi_1136.wav|त्यामुळे गुरुजींनी ज्या वेळी त्याच्या वाटीतील दूध ओतले, तेव्हा वाटी पुन्हा भरलेली दिसली
marathi_1137|marathi_1137.wav|गुरुजींच्या घरातील सगळी भांडी दुधाने भरली, तरी वाटीतील दूध संपेना
marathi_1138|marathi_1138.wav|तो चमत्कार पाहून गुरुजींनी त्याची क्षमा मागून सत्य स्थिती विचारून घेतली
marathi_1139|marathi_1139.wav|त्यानंतर ते स्वतः गोपाळदादाला भेटायला आले; पण तो भेटला नाही
marathi_1140|marathi_1140.wav|देव श्रद्धावंतांनाच भेटतो हेच खरे
marathi_1141|marathi_1141.wav|अनुमाने चारशे वर्षांपूर्वी तामिळनाडूमध्ये त्यागराज नावाचा रामभक्त होऊन गेला, तो उत्तम कवीही होता
marathi_1142|marathi_1142.wav|तो रामाची स्व-रचित भजने म्हणायचा
marathi_1143|marathi_1143.wav|त्याचे रामनाम सतत चालू असे
marathi_1144|marathi_1144.wav|एकदा त्याला दुसऱ्या शहरात जायचे होते
marathi_1145|marathi_1145.wav|तो रानातून जात असतांना त्याला लुबाडण्यासाठी दोन चोर त्याच्या पाठी लागले
marathi_1146|marathi_1146.wav|त्यागराज स्वत:च्याच नादात भजने गुणगुणत चालला होता
marathi_1147|marathi_1147.wav|पाच घंट्यांनंतर दुसरे शहर जवळ आले, त्या वेळी दोन्ही चोर त्यागराजच्या पाया पडले
marathi_1148|marathi_1148.wav|त्यागराजला आश्चर्य वाटले, त्याने विचारले, तुम्ही मला नमस्कार का करता ?
marathi_1149|marathi_1149.wav|ते म्हणाले, आम्ही चोर आहोत, तुमच्याजवळ जे काही असेल, ते आम्ही घेऊन जाणार होतो
marathi_1150|marathi_1150.wav|पण तुमच्या दोन्ही बाजूंना तुमचे रक्षक असल्याने आम्ही तुम्हाला काहीच करू शकलो नाही
marathi_1151|marathi_1151.wav|त्या रक्षकांनी आम्हाला ओळखले, ते आम्हाला पकडणार होते
marathi_1152|marathi_1152.wav|आम्ही त्यांची क्षमा मागितली आणि त्यांना नमस्कार करू लागलो
marathi_1153|marathi_1153.wav|तेव्हा त्यांनी सांगितले, आम्हाला नमस्कार न करता त्यागराजांना नमस्कार करा, तरच आम्ही तुम्हाला सोडू
marathi_1154|marathi_1154.wav|म्हणून आम्ही तुम्हाला नमस्कार करत आहोत
marathi_1155|marathi_1155.wav|त्यागराजने विचारले, कोणते दोन रक्षक, मी तर कोणालाही सांगितले नव्हते
marathi_1156|marathi_1156.wav|त्यागराज बाजूला बघू लागले, तर तेथे कोणीच नव्हते
marathi_1157|marathi_1157.wav|चोरांनाही आश्चर्य वाटले, ते दोन्ही रक्षक नाहीसे झाले होते
marathi_1158|marathi_1158.wav|त्यागराजांनी त्यांना विचारले, ते रक्षक कसे दिसत होते ?
marathi_1159|marathi_1159.wav|चोर म्हणाले, दोघांच्या खांद्यावर धनुष्य-बाण होते, डोक्यावर मुकुट होता आणि दोघेही तरुण होते
marathi_1160|marathi_1160.wav|त्या वेळी त्यागराजांच्या डोक्यात प्रकाश पडला
marathi_1161|marathi_1161.wav|चोरांना दिसलेले रक्षक म्हणजे श्रीराम आणि लक्ष्मणच होते
marathi_1162|marathi_1162.wav|त्यागराज चोरांना म्हणाले, तुम्ही भाग्यवान आहात, मी रामभक्त असून मला रामाचे दर्शन अजून झाले नाही
marathi_1163|marathi_1163.wav|तुम्ही चोर असून आणि रामाचे भक्त नसूनही तुम्हाला रामाचे दर्शन झाले
marathi_1164|marathi_1164.wav|मी चोर झालो असतो, तर बरे झाले असते !
marathi_1165|marathi_1165.wav|एक सुंदर तरुण स्त्री मोठ्या काळजीत बसली होती
marathi_1166|marathi_1166.wav|तिच्या काळजात भयंकर कालवाकालव चालू होती
marathi_1167|marathi_1167.wav|तिच्या पुढ्यात दोन वृध्द पुरुष पडलेले होते, अन ते बेशुध्द झालेले होते
marathi_1168|marathi_1168.wav|त्या तरुणीच्या दासी त्या वृध्द पुरुषांना सावध करीत होत्या
marathi_1169|marathi_1169.wav|इतक्यात “नारायण, नारायण” असे म्हणत नारदमुनींची स्वारी तेथे आली
marathi_1170|marathi_1170.wav|त्यांना पाहताच त्या तरुण स्त्रीला अतिशय आनंद झाला
marathi_1171|marathi_1171.wav|तिला आता मोठा आनंद वाटत होता
marathi_1172|marathi_1172.wav|नारदांना वंदन करुन ती करुणवाणीने म्हणाली, मुनीवर्य, आपणासारख्या भगवत भक्ताचं दर्शन झालं, मी धन्य झाले
marathi_1173|marathi_1173.wav|माझ्या या संकटप्रसंगी आपली कृपा झाली तर, सगळं दु:खं नाहीसं होईल
marathi_1174|marathi_1174.wav|आम्हाला पुन: चांगले दिवस येतील अशी खात्री वाटत आहे !
marathi_1175|marathi_1175.wav|आश्चर्याने नारदमुनींनी विचारले, बाई, तू कोण आहेस, हे वृध्द पुरुष कोण, यांना काय झालंय
marathi_1176|marathi_1176.wav|मी तुला ह्या वेळी कोणतं सहाय्य करु, सगळं सांग!
marathi_1177|marathi_1177.wav|त्या तरुण सुंदर स्त्रीने आपली माहिती दिली, माझं नाव भक्ती, सनातन काळापासून मी या पृथ्वीवर राहते
marathi_1178|marathi_1178.wav|पुढं पडलेले हे दोन पुरुष म्हणजे ज्ञान आणि वैराग्य, हे माझे सेवक आहेत
marathi_1179|marathi_1179.wav|पण मी त्यांच्यावर अगदी मुलांसारख प्रेम करते, यांचा मी प्रतिपाळ करते
marathi_1180|marathi_1180.wav|आम्ही द्रविड देशात राहत होतो आणि कर्नाटक प्रदेशातही फिरत होतो
marathi_1181|marathi_1181.wav|हे कलियुग सुरू झालं ना, तेव्हापासून लोक आम्हाला विचारीनासे झाले बघा
marathi_1182|marathi_1182.wav|आमची आबाळ सुरु झाली, लोक स्वार्थाच्या मागं लागले
marathi_1183|marathi_1183.wav|आमची म्हणजेच भक्ती, ज्ञान, वैराग्य यांची त्यांना पर्वाच राहिली नाही
marathi_1184|marathi_1184.wav|खरं ज्ञान सोडून नकली ज्ञानाला लोक भुलले
marathi_1185|marathi_1185.wav|माझी एक सखी होती, मुक्ती तिचं नाव होतं
marathi_1186|marathi_1186.wav|लोक तिच्यासाठी पूर्वी वाटेल तो त्याग करीत, अतिशय कष्ट सोशीत
marathi_1187|marathi_1187.wav|ह्या कलियुगात लोकांनी त्या थोर मुक्तीलाच वैकुंठात पाठवून दिलं
marathi_1188|marathi_1188.wav|आपण मुक्तीऐवजी शक्ती, युक्ती आणि आसक्ती यांच्याच भजनी लागले
marathi_1189|marathi_1189.wav|मी म्हणजे भक्ती तर त्या प्रदेशातून पळून गेले
marathi_1190|marathi_1190.wav|खरं ज्ञान हे जराजर्जर झालं, माझ्या पाठीमागं वासरासारखं आलं आणि वैराग्यानेही आमची संगत सोडली नाही
marathi_1191|marathi_1191.wav|नंतर आम्ही महाराष्ट्र प्रांतात फिरलो, तिथं मात्र आमचे दिवस बरे गेले
marathi_1192|marathi_1192.wav|लोकांनी त्या जुन्या ज्ञानाला नव तेज दिलं
marathi_1193|marathi_1193.wav|वैराग्याचा थोडा विकास केला आणि माझा- भक्तीचा छंद घेतला, आम्हांला आनंद झाला
marathi_1194|marathi_1194.wav|महाराष्ट्र हे खरचं महान् राष्ट्र वाटलं आम्हाला !
marathi_1195|marathi_1195.wav|पण कलियुगाचा जोर जसजसा वाढत गेला तसतसा आमचाही काळ फिरला
marathi_1196|marathi_1196.wav|लोक पाखंडी बनले, ज्ञानाचा त्यांना गर्व झाला
marathi_1197|marathi_1197.wav|ढोंगी वैराग्याचं स्तोम त्यांनी माजविलं आणि दांभिक भक्तीच्या अवडंबराचं प्रदर्शन सुरू झालं
marathi_1198|marathi_1198.wav|मग आम्ही गुर्जर प्रांतात निवास केला
marathi_1199|marathi_1199.wav|तिथं तर काय, त्या लोकांना अर्थ हाच परमार्थ वाटत होता
marathi_1200|marathi_1200.wav|द्रव्यार्जनात गर्व झालेले लोक ते, त्यांना भक्ती, ज्ञान, वैराग्य यांचं महत्व काय!
marathi_1201|marathi_1201.wav|आमचे प्रयत्न तिथे पूर्णपणे फसले
marathi_1202|marathi_1202.wav|नंतर या यमुनाकाठी गोकुळवृंदावनात आम्ही आलो
marathi_1203|marathi_1203.wav|भगवान श्रीकृष्णाच्या वास्तव्यानं पवित्र झालेला हा प्रदेश, पण इथही तोच प्रकार
marathi_1204|marathi_1204.wav|ज्ञान आणि वैराग्य हे माझ्यापेक्षा वृध्द, पण माझे ते दास आहेत
marathi_1205|marathi_1205.wav|ईश्वरकृपेनं मी सदा तरुण आहे, पण मला सर्वजण माता मानतात
marathi_1206|marathi_1206.wav|ह्या माझ्या बाळांची दुर्दशा मला पहावत नाही
marathi_1207|marathi_1207.wav|हे सावध व्हावेत आणि जगाला पुन: यांचा लाभ व्हावा अशी माझी इच्छा आहे
marathi_1208|marathi_1208.wav|नारदमुनी, आपण आलात, छान झालं, आता तुम्हीच मला मार्ग दाखवा, आमचं संकट निवारण करा
marathi_1209|marathi_1209.wav|ह्या मायामोहानं मूढ झालेल्या जगाला पुन्हा भक्ती, ज्ञान आणि वैराग्य यांच महत्त्व पटवून लोककल्याण साधा
marathi_1210|marathi_1210.wav|कलियुगाच्या फेऱ्यात राहूनही लोकांच कल्याण कसं होईल याचा मार्ग सांगून सर्वांना सुखी करा
marathi_1211|marathi_1211.wav|त्या स्त्रीने सांगितलेली ही हकिगत नारदांनी ऐकली
marathi_1212|marathi_1212.wav|नारदमुनी म्हणाले, भक्तीदेवी, कलियुगाच्या प्रभावानं तुम्हा तिघांची ही दुर्दशा झाली आहे, हे खरं आहे
marathi_1213|marathi_1213.wav|भगवान श्रीकृष्णांनी द्वापारयुगात भागवत धर्माची जी घडी बसविली होती, ती आता विस्कटून गेली आहे
marathi_1214|marathi_1214.wav|मी तर सगळीकडं फिरुन उघड्या डोळ्यांनी हे सर्व पाहतो आहे
marathi_1215|marathi_1215.wav|पण आज तुम्हाला पाहिलं आणि माझे डोळे पूर्णपणे उघडले
marathi_1216|marathi_1216.wav|आता ह्याला एक उपाय आहे, तो असा की, भागवत धर्माचं आचरण पुन: या जगानं केलं पाहिजे
marathi_1217|marathi_1217.wav|तसा प्रयत्न पुन्हा संतसज्जनांनी केला पाहिजे
marathi_1218|marathi_1218.wav|बदरीकाश्रमात सनक, सनातन, सनंदन आणि सनत्कुमार वगैरे भागवतधर्माचे पुरस्कर्ते जमले आहेत
marathi_1219|marathi_1219.wav|त्यांच्याकडं जाऊन मी तुमची हकीगत सांगतो
marathi_1220|marathi_1220.wav|जगाला भागवत धर्माचं महत्त्व पटविण्यासाठी उपाय करण्याची विनंती करतो
marathi_1221|marathi_1221.wav|त्यांच्या कृपाप्रयत्नानं तुम्हा भक्ती, ज्ञान, वैराग्य यांना पुन्हा सुखाचे दिवस येतील
marathi_1222|marathi_1222.wav|जगाचं कल्याण होऊन सर्व सुखी होतील
marathi_1223|marathi_1223.wav|अशाप्रकारे नारदांनी भक्तीला शांत राहण्याचा उपदेश केला
marathi_1224|marathi_1224.wav|पण भक्ती म्हणाली, मी शांत राहते, पण हे ज्ञान आणि वैराग्य मृत्युपंथाला लागले आहेत
marathi_1225|marathi_1225.wav|कृपा करुन यांच्यात चैतन्य आणा, यांना संजीवन द्या
marathi_1226|marathi_1226.wav|त्या दोन वृध्दांजवळ नारदमुनी बसले, त्यांनी त्यांच्या अंगावरुन हात फिरवले, त्यांना शीतोपचार केले
marathi_1227|marathi_1227.wav|आणि त्यांच्या कानाशी मोठ्याने ओरडून ते म्हणाले, गीता ! वेदांचं सार, भगवद्गीता पठन करा, उठा !
marathi_1228|marathi_1228.wav|गीता शब्द उच्चारताच ते वृध्द ताडकन उठले, त्यांनी नारदांचे पाय धरले
marathi_1229|marathi_1229.wav|भक्तीला आनंद झाला, तिने नारदांचे आभार मानले
marathi_1230|marathi_1230.wav|नंतर “नारायण नारायण” म्हणत नारदमुनी थेट बदरिकाश्रमात गेले, तेथे त्यांनी ऋषिमुनींच्या सभेत तो प्रश्न मांडला
marathi_1231|marathi_1231.wav|भागवत धर्माच्या प्रसाराची आणि प्रचाराची योजना सर्वांनी विचार करुन ठरवली
marathi_1232|marathi_1232.wav|त्या योजनेप्रमाणे सर्व धर्मनिष्ठांना आचरण करण्याच्या आज्ञा सोडल्या
marathi_1233|marathi_1233.wav|त्यायोगाने भक्ती, ज्ञान आणि वैराग्य यांना पुन: संजीवन मिळाले
marathi_1234|marathi_1234.wav|त्यांच्या आज्ञेप्रमाणे भगवत् भक्तांनी, सज्जन संतांनी जगावर सर्वत्र कथा-कीर्तने करणे, भजने म्हणणे, पुराण सांगणे, प्रवचने देणे, पारायणे करणे कार्यक्रम सुरू केले
marathi_1235|marathi_1235.wav|तसेच गंगाद्वाराजवळ आनंद नावाच्या उपवनात स्वत: नारदमुनींनी पहिला भागवतसप्ताह केला
marathi_1236|marathi_1236.wav|त्या उत्सवाला अनेक ऋषिमुनी हजर होते
marathi_1237|marathi_1237.wav|पूर्वी वैकुठांत गेलेली मुक्तिसुध्दा नारदमुनींनी त्या थोर कार्यक्रमाला तेथे आणली
marathi_1238|marathi_1238.wav|अशाप्रकारे नंतर नारद वगैरे पुण्यशील ऋषींनी नंतर त्या भागवत धर्माचा महिमा वाढविला
marathi_1239|marathi_1239.wav|अनेक उपाय करुन भक्ती, मुक्ती, ज्ञान आणि वैराग्य यांच्या कथा सांगून त्यांचे महत्त्व वाढविले
marathi_1240|marathi_1240.wav|भक्तीची कथा पावन झाली आणि पृथ्वीवर सर्वत्र भागवतसप्ताह होऊ लागले
marathi_1241|marathi_1241.wav|कौशिकी नदीच्या तीरावर अत्यंत रमणीय अशा निसर्गसुंदर ठिकाणी शमीक ऋषींचा आश्रम होता
marathi_1242|marathi_1242.wav|शमीक ऋषी महान तपस्वी आणि परोपकारी वृत्तीचे होते
marathi_1243|marathi_1243.wav|अनेक ऋषिकुमार त्यांच्याकडे वेदाध्ययनासाठी राहात होते
marathi_1244|marathi_1244.wav|शमीक ऋषींचा मुलगा शृंगी हाही त्या ऋषिकुमारांतच व्रतस्थ राहून अध्ययन करीत होता
marathi_1245|marathi_1245.wav|एके दिवशी ते सर्व ऋषिकुमार त्या उपवनात होमासाठी समिधा आणण्यास गेले होते, त्यांच्या बरोबर शृंगीही गेला होता
marathi_1246|marathi_1246.wav|शमीक ऋषी मात्र ध्यान-धारणेत मग्न होऊन आश्रमातच बसले होते
marathi_1247|marathi_1247.wav|डोळे मिटून ब्रह्मसुखाचा अनुभव घेत शमीक ऋषी समाधी लावून बसलेले, त्यांना बाह्य जगाचा अगदी विसर पडलेला!
marathi_1248|marathi_1248.wav|अशा वेळी आश्रमात कोण आले, कोण गेले याचा त्यांना काय पत्ता असणार
marathi_1249|marathi_1249.wav|दुपारची वेळ होती, कडक उन्हामुळे अंगाची लाही लाही होत होती
marathi_1250|marathi_1250.wav|परिक्षिती राजा शिकारीसाठी अरण्यात फिरत होता
marathi_1251|marathi_1251.wav|तो अगदी थकून गेला होता, तहानेने तो व्याकुळ झाला होता, त्याला विश्रांतीची आवश्यकता होती
marathi_1252|marathi_1252.wav|फिरत फिरत राजा परिक्षिती त्या शमीक ऋषींच्या आश्रमात आला
marathi_1253|marathi_1253.wav|या ठिकाणी आपणांस पाणी मिळेल, आपली तृष्णा शांत होईल
marathi_1254|marathi_1254.wav|क्षणभर विसावा घडेल आणि तपोनिधी शमीक ऋषींचा सहवास घडेल, या आशेने परिक्षिती त्या आश्रमात शिरला
marathi_1255|marathi_1255.wav|पण तेथे सर्वत्र सामसूम होती, राजाचे स्वागत करण्यास कोणीच आले नाही
marathi_1256|marathi_1256.wav|राजाला आश्चर्य वाटले, तथापि तहानेने तो व्याकुळ झाला होता
marathi_1257|marathi_1257.wav|तो आश्रमात पाणी शोधू लागला
marathi_1258|marathi_1258.wav|तोच समोर स्वत: शमीक ऋषी बसलेले त्याला दिसले, त्याला आनंद झाला
marathi_1259|marathi_1259.wav|त्याने ऋषींना वंदन केले आणि नम्रपणे तो म्हणाला, मुनिवर्य, मला खूप तहान लागली आहे, पाणी द्यावं प्यायला!
marathi_1260|marathi_1260.wav|मुनिवर्य डोळे मिटून ध्यानमग्न झाले होते, ते त्या राजाशी काय बोलणार?
marathi_1261|marathi_1261.wav|राजाने दोन-तीन वेळा त्यांना हाक मारली
marathi_1262|marathi_1262.wav|राजाला वाटले की, ऋषीने हे मुद्दाम ढोंग केलेले आहे!
marathi_1263|marathi_1263.wav|मुद्दाम आपला अपमान करण्यासाठी ऋषीने मौन धारण केले आहे!
marathi_1264|marathi_1264.wav|ठीक आहे, मीही या ढोंगी ऋषीचा अपमान करीन!
marathi_1265|marathi_1265.wav|तहानेने व्याकुळ झालेला तो राजा त्या अपमानामुळे अधिकच संतापला, त्याला विचारच राहिला नाही
marathi_1266|marathi_1266.wav|पाय आपटीतच तो आश्रमाबाहेर आला, रागाने तो तणतणत होता
marathi_1267|marathi_1267.wav|इतक्यात एका झाडाखाली मेलेला एक सर्प राजाच्या दृष्टीस पडला
marathi_1268|marathi_1268.wav|राजाने तो सर्प धनुष्याच्या टोकाने उचलला आणि परत आश्रमात जाऊन ऋषीच्या गळ्यात घातला
marathi_1269|marathi_1269.wav|परिक्षिती राजा आश्रमातून जाताना एक दोन ऋषिकुमारांनी दुरून पाहिला
marathi_1270|marathi_1270.wav|त्यांनी शृंगीला ती वार्ता सांगितली, तेव्हा शृंगी म्हणाला, मित्रांनो, आता आपण आश्रमात जाऊ या!
marathi_1271|marathi_1271.wav|पिताजी ध्यानमग्न आहेत, आलेल्या राजाचं स्वागत आपण केलं पाहिजे!
marathi_1272|marathi_1272.wav|झपाझप पावले टाकीत निघून चाललेल्या राजाला त्या ऋषिकुमारांनी हाका मारल्या
marathi_1273|marathi_1273.wav|पण राजा परत आलाच नाही!
marathi_1274|marathi_1274.wav|नंतर शृंगीसह ते ऋषिकुमार त्या आश्रमात आले आणि पाहतात तो काय!
marathi_1275|marathi_1275.wav|ध्यानमग्न असलेल्या शमीक ऋषींच्या गळ्यात मेलेला सर्प घातलेला
marathi_1276|marathi_1276.wav|आपल्या पित्याची विटंबना त्या राजाने केलेली पाहून शृंगीला खूपच राग आला
marathi_1277|marathi_1277.wav|संतापाने लाल होऊन त्याने शाप दिला
marathi_1278|marathi_1278.wav|ऋषिमुनींची अशी अवहेलना करणाऱ्या त्या नराधम परिक्षिती राजाला आजपासून सातव्या दिवशी सर्पदंशाने मृत्यू येईल
marathi_1279|marathi_1279.wav|नागराज तक्षक स्वत: येऊन परिक्षितीराजाला दंश करील!
marathi_1280|marathi_1280.wav|शृंगीने होमशाळेतील कमंडलूमधून पाणी घेतले, ते भूमीवर टाकून ही शापवाणी उच्चारली, तेव्हा सर्व ऋषिकुमार भयभीत झाले
marathi_1281|marathi_1281.wav|शमीक ऋषींच्या गळ्यातील तो मृतसर्प त्या ऋषिकुमारांनी काढून टाकला, अंगावरील मुंग्याही त्यांनी झटकून काढल्या
marathi_1282|marathi_1282.wav|इतक्यात शमीक ऋषींची समाधी उतरली, त्यांनी डोळे उघडून त्या कुमारांकडे पाहिले
marathi_1283|marathi_1283.wav|ते सर्व ऋषिकुमार भयभीत झाले होते, शृंगी संतापाने लाल होऊन थरथरत होता
marathi_1284|marathi_1284.wav|ते पाहून शमीक ऋषींनी विचारले, “बाळांनो, हा काय प्रकार आहे, हा मृतसर्प कसला, आणि तुम्ही सर्वजण हे असे का?
marathi_1285|marathi_1285.wav|नंतर शृंगीने झालेली सर्व हकीगत आपल्या पित्याला सांगितली, ती ऐकून शमीक ऋषी शांतपणे म्हणाले
marathi_1286|marathi_1286.wav|बाळा, परिक्षिती राजाने केलेल्या या क्षुल्लक अपराधाबद्दल तू त्याला सर्पदंशाने मृत्यू येण्याचा जो भयंकर शाप दिलास हे कृत्य वाईट केलेस!
marathi_1287|marathi_1287.wav|अरे, राजा हा प्रत्यक्ष विष्णूचा अवतार असतो, तो पृथ्वीचे-प्रजेचे पालन करतो
marathi_1288|marathi_1288.wav|तो आपल्या या आश्रमात आला होता, पण त्याचा सत्कार करण्याचे पुण्य आपणांस लाभले नाही
marathi_1289|marathi_1289.wav|त्याचे आदरातिथ्य येथे न झाल्यामुळेच तो रागावला असेल
marathi_1290|marathi_1290.wav|म्हणूनच अविचाराने त्याने हे असे क्षुल्लक अपराधाचे कार्य केले असेल!
marathi_1291|marathi_1291.wav|त्याच्या अपराधाबद्दल क्षमा करण्याचे सोडून त्याला शापाने मृत्यूची शिक्षा देणे, हे आपणासारख्या ब्रह्मनिष्ठांना शोभत नाही!
marathi_1292|marathi_1292.wav|शृंगीबाळा, तू अद्यापही अज्ञानीच राहिला आहेस!
marathi_1293|marathi_1293.wav|दुसऱ्यांनीदिलेलेदुख फेडायचे नसते ते सोसायचे असते यातच आपला मोठेपणा आहे!
marathi_1294|marathi_1294.wav|आता तरी तू भगवंताला शरण जा आणि आपल्या अपराधाबद्दल त्याची क्षमा माग!
marathi_1295|marathi_1295.wav|शमीक ऋषींच्या आश्रमातून गेल्यावर परिक्षिती राजा वेगाने आपल्या राजधानीत पोचला
marathi_1296|marathi_1296.wav|विश्र्रांती घेतल्यानंतर तो विचार करू लागला, तेव्हा आपण केलेल्या अविचाराबद्दल त्याला आता पश्चाताप वाटू लागला
marathi_1297|marathi_1297.wav|थोड्याच वेळात शमीक ऋषींचा एक शिष्य परिक्षिती राजाकडे आला
marathi_1298|marathi_1298.wav|नम्रपणे म्हणाला, राजा, ब्रह्मसमाधीत मग्न असलेल्या शमीक ऋषींकडून आपलं यथोचित स्वागत झालं नाही, याबद्दल त्यांना आता हळहळ वाटत आहे
marathi_1299|marathi_1299.wav|आपण त्या ठिकाणी अविचारानं मृतसर्प त्यांच्या गळ्यात घालण्याचं जे कृत्य केलं, त्याबद्दल त्यांच्या पुत्राने आपणास सातवे दिवशी सर्पदंशाने मृत्यू येण्याचा शाप दिलेला आहे
marathi_1300|marathi_1300.wav|तो शाप खोटा होणार नाही, तरी तुम्ही तोपर्यंत पुण्यकृत्ये करुन ईशचिंतनात काळ घालवावा!
marathi_1301|marathi_1301.wav|त्या थोर क्षमाशील शमीऋषींनी मला हा निरोप तुम्हाला सांगायला मुद्दाम पाठविलं आहे!
marathi_1302|marathi_1302.wav|तुम्हांला या शापवाणीपासून अज्ञानात ठेवू नये म्हणून त्यांनी हा निरोप पाठविला आहे
marathi_1303|marathi_1303.wav|राजा, सावध राहून मोक्षसाधना कर!
marathi_1304|marathi_1304.wav|शमीक ऋषींचा तो निरोप ऐकून राजाला समाधान वाटले
marathi_1305|marathi_1305.wav|आपल्या हातून घडलेल्या अपराधाचे योग्य शासन आपणांस मिळणार याबद्दल त्याला आनंद झाला
marathi_1306|marathi_1306.wav|नंतर तो परिक्षिती राजा गंगातिरी जाऊन राहिला
marathi_1307|marathi_1307.wav|तेथे व्यासपुत्र शुकमुनींची स्वारी आली
marathi_1308|marathi_1308.wav|त्यांनी परिक्षिती राजाला त्या सात दिवसांत “भागवत” सांगितले
marathi_1309|marathi_1309.wav|त्यायोगे तो पुण्यकारक भागवतसप्ताह सगळ्या लोकांना श्रवण करण्याचे श्रेय लाभले
marathi_1310|marathi_1310.wav|परिक्षिती राजाने योजलेल्या त्या भागवत सप्ताहाची वार्ता ऐकून क्षमाशील शमीक ऋषींना आनंद झाला
marathi_1311|marathi_1311.wav|तेही त्याचे अभीष्टचिंतन करण्यात आणि भगवंताची क्षमायाचना करण्यात आपला काळ घालवू लागले!
marathi_1312|marathi_1312.wav|फार प्राचीन काळी उत्तर हिंदुस्थानात जबाला नावाची एक गरीब मोलकरीण राहत असे
marathi_1313|marathi_1313.wav|तिला सत्यकाम नावाचा एक लहान मुलगा होता
marathi_1314|marathi_1314.wav|दिवसभर काबाडकष्ट करून जबाला आपले व आपल्या आवडत्या मुलाचे पोट भरत असे
marathi_1315|marathi_1315.wav|जबाला गरीब असूनही फार प्रामाणिक होती
marathi_1316|marathi_1316.wav|आपल्या मुलालाही नेहमी खरे बोलण्यास तिने शिकविले होते
marathi_1317|marathi_1317.wav|त्याचे नावही तिने सत्यकाम, सत्याची आवड असणारा, असे ठेवले होते
marathi_1318|marathi_1318.wav|सत्यकामाशिवाय जबालेला कोणीही नव्हते
marathi_1319|marathi_1319.wav|सत्यकाम दिसला, की सर्व गोष्ट ती क्षणात विसरून जाई
marathi_1320|marathi_1320.wav|त्या वेळी मुलांना शिकण्यासाठी दूर अरण्यात एखाद्या ऋषीजवळ पाठवीत असत
marathi_1321|marathi_1321.wav|मुलाच्या आठव्या वर्षापासून तीस वर्षांपर्यंत त्याला गुरुजवळ राहावे लागे
marathi_1322|marathi_1322.wav|तेथे तो हर एक कामात हुशार होई
marathi_1323|marathi_1323.wav|सत्यकाम आठ वर्षांचा होताच आईला म्हणाला, आई, मी आता जातो अरण्यात शिकायला
marathi_1324|marathi_1324.wav|सत्यकामाला शिकायची फार हौस होती
marathi_1325|marathi_1325.wav|जबाला विचारात पडली, छोट्या सत्यकामाला इतक्या लांब ठेवायचे?
marathi_1326|marathi_1326.wav|तिच्या डोळ्यांसमोर अरण्य उभे राहिले
marathi_1327|marathi_1327.wav|सत्यकामाशिवाय सुनेसुने दिसणारे तिचे घरही तिला दिसू लागले
marathi_1328|marathi_1328.wav|दुसरी एक कल्पना मनात आल्यावर तर तिच्या डोळ्यात अश्रूच आले
marathi_1329|marathi_1329.wav|ती एक दासी होती, तिला ना जात ना गोत !
marathi_1330|marathi_1330.wav|त्या काळी उच्च कुळातील मुलेच गुरूपाशी शिकत
marathi_1331|marathi_1331.wav|सत्यकामाच्या बापाचे तर तिला नावही ठाऊक नव्हते
marathi_1332|marathi_1332.wav|असल्या पोराला कोणता गुरू जवळ करणार !
marathi_1333|marathi_1333.wav|सत्यकाम म्हणाला, `आई, पण गुरुजी माझे सबंध गोत्र विचारतील ना, काय ग माझं गोत्र?’
marathi_1334|marathi_1334.wav|जबाला अश्रू गाळीत म्हणाली, `बाळ सत्यकामा, मी तरुण असताना निरनिराळ्या घरी दासी म्हणून नोकरी करीत हिंडत असे, त्यातच केव्हा तरी तुझा जन्म झाला
marathi_1335|marathi_1335.wav|तू दासीपुत्र आहेस, तुझ्या पित्याचे नावही मला माहीत नाही
marathi_1336|marathi_1336.wav|माझे नाव जबाला, म्हणून तुझे नाव सत्यकाम जबाला असेच गुरुजींना सांग
marathi_1337|marathi_1337.wav|नंतर सत्यकाम गुरूच्या शोधाकरिता अरण्यात हिंडत असता गौतम ऋषींच्या आश्रमात आला
marathi_1338|marathi_1338.wav|त्या वेळी गौतमांपाशी अनेक राजपुत्र आणि ब्राह्मणकुमार शिकण्यास होते
marathi_1339|marathi_1339.wav|सत्यकाम भीतभीतच आश्रमात शिरला
marathi_1340|marathi_1340.wav|नुकतेच स्नान आटोपून भस्म लावलेले आणि लांबसडक केस पाठीवर मोकळे सोडलेले असे अनेक तेजस्वी कुमार वेदपठण करीत होते
marathi_1341|marathi_1341.wav|गौतमांची शांत मूर्ती ध्यानमग्न अशी बसलेली होती
marathi_1342|marathi_1342.wav|सत्यकाम भीतभीत पुढे आला
marathi_1343|marathi_1343.wav|एक दरिद्री पोर आश्रमात घुसून थेट गुरुजींच्या जवळ जातो आहे हे पाहून शिष्यांत कुजबुज होऊ लागली
marathi_1344|marathi_1344.wav|अरे, बघशील तर ते ध्यान! असे हेटाळणीचे शब्दही सत्यकामाच्या कानी आले
marathi_1345|marathi_1345.wav|इतक्यात गौतमांनी आपले डोळे उघडले आणि शांतपणे सगळीकडे नजर फिरविली
marathi_1346|marathi_1346.wav|एका क्षणात जिकडे तिकडे शांत झाले
marathi_1347|marathi_1347.wav|गौतम मृदु स्वराने म्हणाले, `काय पाहिजे तुला बाळ?’
marathi_1348|marathi_1348.wav|सत्यकाम खाली पाहात हळूच म्हणाला, `भगवन्, मला आपणांजवळ शिकायचे आहे.’
marathi_1349|marathi_1349.wav|गौतम कौतुकाने म्हणाले, उत्तम आहे, बाळ; पण तुझे गोत्र काय?
marathi_1350|marathi_1350.wav|सत्यकाम मान खाली घालून म्हणाला, `भगवन्, माझे नाव सत्यकाम
marathi_1351|marathi_1351.wav|आईचे नाव जबाला, म्हणून मी सत्यकाम जबाला, ह्यापेक्षा जास्त मला ठाऊक नाही.’
marathi_1352|marathi_1352.wav|असे म्हणून सत्यकामाने आईने सांगितल्याप्रमाणे सर्व सांगितले
marathi_1353|marathi_1353.wav|शिष्यसमुदायात गुपचुप एक हेटाळणीची लाट उसळून गेली
marathi_1354|marathi_1354.wav|पुन्हा गौतमांची नजर सगळीकडे फिरली
marathi_1355|marathi_1355.wav|गौतम म्हणाले, `बाळा, सत्यकामा, तू इतके खरं बोललास हेच पुरे आहे
marathi_1356|marathi_1356.wav|दासीपुत्र असलास तरी तू ब्राह्मणच असला पाहिजेस
marathi_1357|marathi_1357.wav|जो खरे बोलतो त्याला मी ब्राह्मणच समजतो
marathi_1358|marathi_1358.wav|नंतर गौतमांनी सत्यकामाचे मौजीबंधन केले
marathi_1359|marathi_1359.wav|त्याला शिकविण्याच्या अगोदर परीक्षा पाहण्यासाठी गाौतमांनी चारशे गायी त्याच्या स्वाधीन केल्या
marathi_1360|marathi_1360.wav|ह्यांना अरण्यात चरण्यास घेऊन जा असे सांगितले
marathi_1361|marathi_1361.wav|असल्या कामात शिष्याची बुध्दी किती आहे हे दिसून येत असे
marathi_1362|marathi_1362.wav|त्या गायी अगदी वाळकुट्या होत्या
marathi_1363|marathi_1363.wav|शिष्यांनी त्यांची चांगली काळजी घेतली नसावी, त्यांचे सारे लक्ष वेद घोकण्यात होते
marathi_1364|marathi_1364.wav|सत्यकाम म्हणाला, ह्या चारशेच्या हजार गायी होतील तेव्हाच मी परत येईन.’
marathi_1365|marathi_1365.wav|सत्यकाम अरण्यामध्ये पुष्कळ वर्षे राहिला, तो गायीची मनोभावाने सेवा करी
marathi_1366|marathi_1366.wav|एके दिवशी त्याच्यासमोर त्याच्या खिल्लारातील एक बैल आला
marathi_1367|marathi_1367.wav|त्याच्या अंगात वायुदेव शिरला होता व तो शेपूट उंचावून शिंगांनी जमीन उकरीत सैरावैरा धावत होता
marathi_1368|marathi_1368.wav|बैल मनुष्यवाणीने म्हणाला, `सत्यकामा !’
marathi_1369|marathi_1369.wav|सत्यकामाने हा चमत्कार पाहिल्यावर भक्तीने तो म्हणाला, `काय भगवन् !’
marathi_1370|marathi_1370.wav|बैल पुन्हा म्हणाला, `आमची संख्या आता हजारावर आली आहे
marathi_1371|marathi_1371.wav|आम्हाला आता आचार्यांकडे नेऊन पोचव, त्यापूर्वी मी तुला थोडे ज्ञान देतो
marathi_1372|marathi_1372.wav|तुझ्या सेवेने मी फार संतुष्ट झालो आहे
marathi_1373|marathi_1373.wav|बैलाच्या रूपाने तो प्रत्यक्ष वायुदेवच बोलत होता
marathi_1374|marathi_1374.wav|त्याने सत्यकामाला ईश्वर म्हणजे काय ह्याचा एक चौथा भाग ज्ञान शिकविले
marathi_1375|marathi_1375.wav|तो म्हणाला, `सत्यकामा, प्रकाशणाऱ्या चारी दिशा हा एक ईश्वराचा अंश आहे, तुला अग्निदेव आणखी ज्ञान देईल
marathi_1376|marathi_1376.wav|वायू सर्व दिशांना हिंडतो म्हणून त्याला हे ज्ञान असते
marathi_1377|marathi_1377.wav|वायुदेवाच्या आज्ञेप्रमाणे दुसर्या दिवशी सत्यकाम गायी घेऊन आश्रमाकडे निघाला
marathi_1378|marathi_1378.wav|वाटेत संध्याकाळ झाली तेव्हा त्याने गायी बांधल्या, अग्नी पेटविला व तो त्यात समिधा टाकू लागला
marathi_1379|marathi_1379.wav|अग्नी प्रसन्न झाला व म्हणाला, `सत्यकामा, मी तुला ईश्वरज्ञानाचा चौथा भाग सांगतो
marathi_1380|marathi_1380.wav|सत्यकाम नम्रपणे म्हणाला, `सांगावे भगवन्.’
marathi_1381|marathi_1381.wav|अग्नी म्हणाला, `समुद्र, पृथ्वी, हवा, आकाश हा ईश्वाराचा भाग आहे, हंस तुला आणखी सांगेल
marathi_1382|marathi_1382.wav|अग्नी हा समुद्र व पृथ्वी यांवर हिंडतो, आकाशातही सूर्याच्या रूपाने तो राहतो; म्हणून त्याला हे माहीत होते
marathi_1383|marathi_1383.wav|दुसर्या दिवशी संध्याकाळी सत्यकामाने गायी बांधल्या
marathi_1384|marathi_1384.wav|इतक्यात तेथे एक हंस उडत आला
marathi_1385|marathi_1385.wav|हंस म्हणाला, `अग्नी, सूर्य, चंद्र आणि वीज ही मिळून ईश्वराचा एक भाग होतो, बाकी ज्ञान तुला पाणबुड्या पक्षी सांगेल.’
marathi_1386|marathi_1386.wav|हंसाच्या रूपाने तो प्रत्यक्ष सूर्यच बोलत होता
marathi_1387|marathi_1387.wav|सूर्य हा आकाशात उडणारा जणू काय एक सोन्याचा हंसच आहे
marathi_1388|marathi_1388.wav|इतक्यात एक पाणबुडा पक्षी तेथे उडत आला
marathi_1389|marathi_1389.wav|प्राणदेवतेनेच ह्या पक्ष्याचे रूप घेतले होते
marathi_1390|marathi_1390.wav|पाणबुड्या पक्षी म्हणाला, `प्राण, डोळे, कान आणि मन हा ईश्वराचा एक भाग आहे
marathi_1391|marathi_1391.wav|प्रत्येक प्राण्यात ईश्वराचा हा अंश असतो
marathi_1392|marathi_1392.wav|सत्यकाम अशा रीतीने पूर्ण ज्ञानी झाला व आश्रमात परत आला
marathi_1393|marathi_1393.wav|गौतमांनी त्याला दुरून पाहिल्यावर त्यांना सर्व प्रकार कळून आला
marathi_1394|marathi_1394.wav|गौतम म्हणाले, `सत्यकामा, ईश्वराचे ज्ञान झाल्यासारखा तू तेजस्वी दिसतोस, कुणी शिकविले तुला?
marathi_1395|marathi_1395.wav|ज्ञानाचे अपूर्व तेज सत्यकामाच्या तोंडावर झळकत होते
marathi_1396|marathi_1396.wav|सत्यकाम विनयाने म्हणाला, `मनुष्याखेरीज इतर प्राण्यांनीच मला शिकविले
marathi_1397|marathi_1397.wav|पण भगवन्, आपल्या तोंडून ते ज्ञान पुन्हा ऐकावे अशी माझी इच्छा आहे
marathi_1398|marathi_1398.wav|गुरुमुखाखेरीज सर्व विद्या व्यर्थ आहे असे मी ऐकतो.’
marathi_1399|marathi_1399.wav|सत्यकामाला सर्व चराचर सृष्टीत भरलेल्या ईश्वराचे ज्ञान गौतमांनी आपल्या रसाळ वाणीने पुन्हा समजावून दिले
marathi_1400|marathi_1400.wav|इतर सर्व शिष्यांनी लाजेने माना खाली घातल्या
marathi_1401|marathi_1401.wav|इतकी वर्षे वेद घोकूनही त्यांना इतके ज्ञान झालेले नव्हते
marathi_1402|marathi_1402.wav|पुढे सत्यकाम मोठा प्रख्यात ऋषी झाला, आणि त्याच्याजवळ शिकून पुष्कळ शिष्य ज्ञानी झाले
marathi_1403|marathi_1403.wav|एकदा कक्षीवान ऋषी प्रियमेध नावाच्या ऋषीकडे गेला
marathi_1404|marathi_1404.wav|प्रियमेधा, माझे एक कोडे सोडव पाहू
marathi_1405|marathi_1405.wav|अशी कोणती वस्तू आहे, की जी पेटविली तरी तिचा प्रकाश पडत नाही ?’
marathi_1406|marathi_1406.wav|प्रियमेधाने खूप डोके खाजवले पण ह्याचा त्याला उलगडा होईना
marathi_1407|marathi_1407.wav|कोणतीही वस्तू पेटली, की तिचा थोडा तरी प्रकाश पडणारच
marathi_1408|marathi_1408.wav|तेव्हा तो म्हणाला, `ह्याचे उत्तर मला देता येत नाही
marathi_1409|marathi_1409.wav|माझ्या वंशात पुढे कोणीतरी विद्वान निपजेल आणि तो तुला ह्याचे उत्तर देईल.’
marathi_1410|marathi_1410.wav|कक्षीवान ऋषीजवळ एक मुंगसाच्या कातड्याची भली मोठी पिशवी होती
marathi_1411|marathi_1411.wav|त्या पिशवीत प्रियंगू, पिंपळी, तांदूळ आणि अधिकता नावाचे धान्य भरले होते
marathi_1412|marathi_1412.wav|त्यातून एक एक दाणा काढून तो दर वर्षी फेकून देत असे
marathi_1413|marathi_1413.wav|ते सर्व दाणे संपेपर्यंत त्याला आयुष्य दिलेले होते
marathi_1414|marathi_1414.wav|पण प्रियमेधाला काही इतके आयुष्य नव्हते
marathi_1415|marathi_1415.wav|तो मेल्यावर त्याचा मुलगा त्याच्या जागी आला
marathi_1416|marathi_1416.wav|तोही पुढे म्हातारा होऊन मरण पावला
marathi_1417|marathi_1417.wav|अशा रीतीने प्रियमेधानंतर नवव्या पिढीत साकमश्व जन्मला
marathi_1418|marathi_1418.wav|पण कक्षीवान मात्र अजूनही आपली पिशवी घेऊन बसलाच होता
marathi_1419|marathi_1419.wav|तो जवळ जवळ नउशे वर्षांचा म्हातारा झाला होता, अजून त्याचे कोडे कोणाला सुटले नव्हते
marathi_1420|marathi_1420.wav|साकमश्वाला ह्या कोड्याचे वेडच लागले, त्याने निश्चय केला, की मी हे कोडे जिंकीनच
marathi_1421|marathi_1421.wav|त्या वेळी त्याला एक `साम’ सुचले
marathi_1422|marathi_1422.wav|त्याने ते गाणे म्हटल्याबरोबर त्याला ते कोडे सुटले
marathi_1423|marathi_1423.wav|तेव्हा मोठ्या आनंदाने तो तडक कक्षीवानाकडे धावत गेला
marathi_1424|marathi_1424.wav|कक्षीवानाने त्याला दुरून धावत येताना पाहिले तेव्हा त्याच्या येण्याचे कारण त्याने ताडले
marathi_1425|marathi_1425.wav|तो म्हणाला, `अरे, माझी ही पिशवी नदीत बुडून टाका
marathi_1426|marathi_1426.wav|माझे कोडे सोडवून मला खाली पाहावयास लावणारा माणूस हा पाहा मला दिसतो आहे, आता काय कारायचे मला जगून?’
marathi_1427|marathi_1427.wav|साकमश्व कक्षीवानाजवळ आला व म्हणाला, जो मनुष्य नुसती `ऋचा’ म्हणतो आणि `साम’ म्हणत नाही तो कवी अग्नीसारखा चेततो पण त्याचा प्रकाश पडत नाही
marathi_1428|marathi_1428.wav|पण जो `ऋचा’ म्हणतो आणि लगेच `साम’ ही गातो तो कवी अग्नीसारखा चेततो आणि त्याचा प्रकाश पडतो
marathi_1429|marathi_1429.wav|साकमश्वाला जेव्हा `साम’ स्फुरले व त्याने ते म्हटले तेव्हा त्याला `सामा’चे तेज कळून चुकले
marathi_1430|marathi_1430.wav|संगीताची जोड दिल्याखेरीज नुसते मंत्र पाठ करण्यात अर्थ नाही हे त्याने शोधून काढले
marathi_1431|marathi_1431.wav|साकमश्व पुढे म्हणाला, `हे तुला माझे उत्तर आहे, माझ्या बापाचेही हेच उत्तर आहे.’
marathi_1432|marathi_1432.wav|असे म्हणून थेट प्रियमेधापर्यंत सर्व पूर्वजांची त्याने नावे घेतली
marathi_1433|marathi_1433.wav|आपल्या पूर्वजांचा कलंक धुऊन टाकला
marathi_1434|marathi_1434.wav|तेव्हापासून यज्ञात ऋग्वेदातील ऋचांबरोबर सामवेदांतील सामेही म्हटली जाऊ लागली, आणि काव्याला संगीताची जोड मिळाली
marathi_1435|marathi_1435.wav|मनूला पुष्कळ मुलगे होते, त्यांत नाभानेदिष्ठ हा सर्वात धाकटा होता
marathi_1436|marathi_1436.wav|वडील भाऊ गुरूच्या घरी राहून वेद शिकून आले होते
marathi_1437|marathi_1437.wav|नाभानेदिष्ठही मोठा होताच गुरूपाशी शिकण्यास अरण्यात गेला
marathi_1438|marathi_1438.wav|बारा वर्षांनी परत आल्यावर त्याला दिसून आले
marathi_1439|marathi_1439.wav|आपल्या सर्व वडील भावांनी बाबांची मिळकत त्याच्या डोळ्यांदेखतच आपापसात वाटून घेतली आहे
marathi_1440|marathi_1440.wav|नाभाला मात्र काहीच ठेविले नव्हते
marathi_1441|marathi_1441.wav|नाभाला वडील भावांनी काही न देता धुडकावून लावले
marathi_1442|marathi_1442.wav|नाभा चिडला व मनूला म्हणाला, `बाबा, माझा वाटा कुठे आहे?’
marathi_1443|marathi_1443.wav|मनू शांतपणे म्हणाला, `बाळ, काही हरकत नाही, भांडू नकोस, घेऊ दे तुझ्या भावांना सारी मिळकत, मी तुला आणखी मिळवून देतो
marathi_1444|marathi_1444.wav|इथून जवळच अंगिरस ऋषींनी यज्ञ चालविला आहे
marathi_1445|marathi_1445.wav|त्यांना स्वर्गास जायचे आहे, पण त्यांच्या यज्ञात एक चूक होत आहे
marathi_1446|marathi_1446.wav|यज्ञाच्या सहाव्या दिवशी कोणते मंत्र म्हणावे हेच त्यांना समजत नाही, म्हणून त्यांचा यज्ञ पुरा होत नाही व त्यांना स्वर्ग मिळत नाही
marathi_1447|marathi_1447.wav|त्यांना कोणते मंत्र हवे आहेत ते मी तुला शिकवतो, तू जाऊन त्यांचा यज्ञ पुरा कर
marathi_1448|marathi_1448.wav|स्वर्गास जाताना त्यांनी आपले सर्व धन तुला द्यावे अशी अट तू त्यांना घाल
marathi_1449|marathi_1449.wav|नंतर नाभा अंगिरस ऋषीकडे गेला व म्हणाला, `ऋषींनो, मला तुमच्या यज्ञात घ्या, तुम्हाला अडलेले मंत्र मी सांगतो
marathi_1450|marathi_1450.wav|मात्र तुमच्या हजार गायी मला देऊन जा म्हणजे झाले
marathi_1451|marathi_1451.wav|अंगिरसांना स्वर्गास गायी घेऊन जायचे नव्हते, म्हणून ते ताबडतोब तयार झाले
marathi_1452|marathi_1452.wav|यज्ञ पार पडून ऋषी स्वर्गाला गेले, तेव्हा त्यांच्या सांगण्याप्रमाणे नाभा त्यांच्या गायी गोळा करू लागला
marathi_1453|marathi_1453.wav|इतक्यात तेथे काळी घोंगडी पांघरलेला एक आडदांड मनुष्य आला
marathi_1454|marathi_1454.wav|`काय रे पोरा, कोणाच्या गायी पळवतो आहेस, हे सर्व धन माझे आहे, यज्ञात शेवटी जे जे उरेल त्यावर माझा हक्क असतो.’
marathi_1455|marathi_1455.wav|नाभा म्हणाला, वा, मला तर हे धन अंगिरसांनी बक्षीस दिले आहे
marathi_1456|marathi_1456.wav|तो म्हणजे रुद्र होता, रुद्र मोठा भयंकर दिसे, पण नाभा यत्किंचितही न भिता आपला हक्क बजावीत होता
marathi_1457|marathi_1457.wav|रुद्र म्हणाला, `खोटे वाटत असेल तर तुझ्या बाबांना जाऊन विचार, त्यांना यज्ञासंबंधी सर्व कळते
marathi_1458|marathi_1458.wav|ते सांगतील तेव्हा तुझी खात्री होईल.’
marathi_1459|marathi_1459.wav|नाभा परत आल्यावर मनूने विचारले, `काय रे नाभा, गायी नाही मिळाल्या वाटते?’
marathi_1460|marathi_1460.wav|नाभाने हिरमुसून सर्व हकिकत बाबांना सांगितली
marathi_1461|marathi_1461.wav|मनू म्हणाला, `अरे हो ! यज्ञात उरलेल्या धनावर हक्क रुद्राचाच असतो, हे माझ्या लक्षातच नव्हते
marathi_1462|marathi_1462.wav|काही हरकत नाही, तू रुद्राला सांग की गायीवर हक्क तुझाच आहे.’
marathi_1463|marathi_1463.wav|हाताशी आलेले धन गेले म्हणून नाभाचा फारच हिरमोड झाला
marathi_1464|marathi_1464.wav|तरीपण त्याने परत जाऊन मनूचे म्हणणे त्याला सांगितले
marathi_1465|marathi_1465.wav|नाभाच्या खरे बोलण्यामुळे आणि निर्लोभीपणाने रुद्र संतुष्ट झाला
marathi_1466|marathi_1466.wav|एवढा क्रूर तो पण नाभाचा हिरमोड पाहून त्याचेही मन विरघळले
marathi_1467|marathi_1467.wav|तो कौतुकाने म्हणाला, `बाळ, ज्या अर्थी तू खरे बोललास त्या अर्थी ह्या सर्व गायी तुला मी बक्षीस देतो, जा घेऊन आपले धन.’
marathi_1468|marathi_1468.wav|रुद्राचा हा दयाळूपणा पाहून नाभाला फार नवल वाटले
marathi_1469|marathi_1469.wav|त्या अचानक परत मिळालेल्या गायी मोठ्या आनंदाने पिटाळीत त्याने आपल्या घरी नेल्या
marathi_1470|marathi_1470.wav|तो आपल्या सर्व वडील भावांहून श्रीमंत बनला
marathi_1471|marathi_1471.wav|आपल्या हक्कासाठी न भांडणाऱ्या व तरीही दुसऱ्याचे हक्क मानणाऱ्या नाभाने आपले नाव वेदांत अमर करून ठेवले आहे
marathi_1472|marathi_1472.wav|जनमेजय राजाने वैशंपायन ऋषींना समुद्रमंथनाची कथा सांगण्याची विनंती केली
marathi_1473|marathi_1473.wav|तेव्हा ते सांगू लागले, राजा, पूर्वी देव व दैत्य यांनी समुद्रमंथन करून अमृत व इतर रत्ने काढायचे ठरवले
marathi_1474|marathi_1474.wav|त्यांनी मंदराचल पर्वताची रवी व वासुकी सापाचा दोर केला व मंथन सुरू केले
marathi_1475|marathi_1475.wav|देव हे शेपटीच्या बाजूने व राक्षस मुखाच्या बाजूने ओढत होते
marathi_1476|marathi_1476.wav|मुखातून बाहेर पडलेल्या विषाच्या उष्णतेचा सर्वांना त्रास होऊ लागला, तेव्हा महादेवांनी ते विष प्राशन केले
marathi_1477|marathi_1477.wav|पुढे समुद्रमंथनातून लक्ष्मी, कौस्तुभ, पारिजातक, सुरा, धन्वंतरी, चंद्र, रंभा, ऐरावत, अमृत, विष, उच्चैःश्रवा नावाचा घोडा, कामधेनू, शंख व हरिधनू अशी चौदा रत्ने निघाली
marathi_1478|marathi_1478.wav|समुद्रमंथनाच्या वेळी मंदराचल पर्वत खाली जाऊ लागला, तेव्हा विष्णूंनी कूर्मरूप धारण करून तो वर उचलला
marathi_1479|marathi_1479.wav|वरील चौदा रत्नांची वाटणी होत असता अमृत व सुरा याबद्दल वाद सुरू झाला
marathi_1480|marathi_1480.wav|या वादाचा निकाल करताना विष्णू म्हणाले, देवांनी एका पंक्तीला व दैत्यांनी एका पंक्तीला बसावे
marathi_1481|marathi_1481.wav|एक स्त्री येऊन अमृत व सुरा पंक्तीत वाढेल, ज्याला जे मिळेल ते त्याने घ्यावे.”
marathi_1482|marathi_1482.wav|मग विष्णूंनी मोहिनीरूप घेऊन वाटप सुरू केले
marathi_1483|marathi_1483.wav|मोहिनीच्या रूपाने असुर वेडे झाले असता विष्णूने देवांना अमृत व दैत्यांना मदिरा वाढली
marathi_1484|marathi_1484.wav|त्या वेळी राहू कपटाने देवांच्या पंक्तीला बसून अमृत प्यायला
marathi_1485|marathi_1485.wav|हे पाहून चंद्राने विष्णूला खूण करून हे कळवले
marathi_1486|marathi_1486.wav|विष्णूने सुदर्शन चक्र सोडून त्याचा शिरच्छेद केला
marathi_1487|marathi_1487.wav|त्याचे शीर आकाशात उडाले, तर धड पश्चिम समुद्राकडे पळू लागले
marathi_1488|marathi_1488.wav|ते पाहून देव व दैत्य त्याचा नाश करण्याचा प्रयत्न करू लागले
marathi_1489|marathi_1489.wav|शंकरांनीही त्रिशूळ पोटात खुपसून त्याला मारण्याचा प्रयत्न केला
marathi_1490|marathi_1490.wav|पण राहूच्या पोटातील अमृतामुळे ते धड नाश पावेना
marathi_1491|marathi_1491.wav|तेव्हा शंकरांनी म्हाळसा नावाच्या डोंगरावर राहूच्या घशात अंगठा घालून अमृत बाहेर काढले
marathi_1492|marathi_1492.wav|तेच अमृत वाहत जाऊन समुद्राला मिळाले, त्या ओघाला प्रवरा नदी असे म्हणतात
marathi_1493|marathi_1493.wav|ही प्रवरा गोदावरीला मिळून पुढे पूर्वेकडे सागराला मिळाली
marathi_1494|marathi_1494.wav|प्रवरा व गोदावरीच्या संगमावर राहूच्या धडावर मोहिनी बसलेली आहे, तिला म्हाळसा म्हणतात
marathi_1495|marathi_1495.wav|ही कथा श्री वसिष्ठांनी श्रीरामांना योगवसिष्ठातील उपशम प्रकरणात सांगितली आहे
marathi_1496|marathi_1496.wav|उपासनेच्या योगाने देवाची कृपा होऊन ज्ञानसंपन्नता कशी येते
marathi_1497|marathi_1497.wav|तसेच, आत्मज्ञान होण्याला स्वप्रयत्नांची व विचाराची आवश्यकता आहे, असे यावरून स्पष्ट होते
marathi_1498|marathi_1498.wav|पाताळाचा राजा हिरण्यकश्यपू फार उद्दाम झाला, तेव्हा नृसिंहावतार घेऊन विष्णूंनी त्याला मारले, इतर दैत्य घाबरून गेले
marathi_1499|marathi_1499.wav|भगवान विष्णू परत गेल्यावर प्रल्हादाने दैत्यांचे सांत्वन करून त्यांना बोध दिला
marathi_1500|marathi_1500.wav|नंतर त्याने विचार केला, देव अतुल पराक्रमी आहेत, त्यांनी माझा पिता व बलाढ्य असुर यांना धुळीस मिळवले
marathi_1501|marathi_1501.wav|त्यांच्यावर आक्रमण करून गेलेले वैभव मिळवणे अशक्य आहे, मग आता भक्तीने त्यांना वश केले पाहिजे
marathi_1502|marathi_1502.wav|’नमो नारायणाय’ असा जप करून त्याने तपाला सुरवात केली, हे पाहून सर्व देव आश्चर्यचकित झाले
marathi_1503|marathi_1503.wav|यात दैत्यांचे काहीतरी गुप्त कारस्थान आहे, असा संशय त्यांनी विष्णूकडे व्यक्त केला
marathi_1504|marathi_1504.wav|त्यावर विष्णूंनी त्यांना समजावले, बलाढ्य राक्षस माझी भक्ती करून जास्त बलाढ्य होतात हे खरे
marathi_1505|marathi_1505.wav|प्रल्हादाच्या भक्तीमुळे घाबरू नये, त्याचा हा अखेरचा जन्म असून, तो मोक्षार्थी आहे
marathi_1506|marathi_1506.wav|प्रल्हादाच्या भक्तीमुळे त्याच्या मनात विवेक, वैराग्य, आनंद या गुणांचा विकास झाला, भोगांबद्दलची आसक्ती संपली
marathi_1507|marathi_1507.wav|भगवान विष्णू प्रसन्न होऊन ’तू परमपदाला पोचशील’ असा वर दिला
marathi_1508|marathi_1508.wav|ईश्वरदर्शनाने प्रल्हादाचा अहंकार गळाला, तो शांत, सुखी, समाधीस्थित झाला
marathi_1509|marathi_1509.wav|अशा स्थितीत पुष्कळ काळ लोटला, त्या वेळी दानवांनी त्याला जागृत करण्याचा प्रयत्न केला
marathi_1510|marathi_1510.wav|दानवांना कोणी शासक राहिला नाही, देवांना असुरांची भीती राहिली नाही
marathi_1511|marathi_1511.wav|शेषशय्येवर निजलेला श्रीविष्णू जागा झाला
marathi_1512|marathi_1512.wav|मनाने त्याने तिन्ही लोकांची स्थिती अवलोकन केली
marathi_1513|marathi_1513.wav|दैत्यांचे सामर्थ्य कमी झाले असून, देव शांत झाले आहेत, त्यांनी दैत्य व मनुष्यांचा द्वेष करणे सोडले आहे
marathi_1514|marathi_1514.wav|अशा स्थितीत पृथ्वीवरील यज्ञयागादी क्रिया बंद पडतील
marathi_1515|marathi_1515.wav|भूलोक राहणार नाही, हे त्रिभुवन कल्पांतापर्यंत राहावे या संकल्पाला बाधा येईल, म्हणून दानवांचे राज्य राहिले पाहिजे
marathi_1516|marathi_1516.wav|त्यासाठी प्रल्हादाला सावध केले पाहिजे
marathi_1517|marathi_1517.wav|मग श्रीहरी पाताळात जाऊन पोचले, त्यांनी प्रल्हादाला त्याचे राज्य व देह याचे स्मरण दिले
marathi_1518|marathi_1518.wav|विष्णूच्या आज्ञेनुसार प्रल्हादाने राज्याभिषेक करवून घेतला
marathi_1519|marathi_1519.wav|भय, क्रोध, कर्मफळ यापासून विमुक्त होऊन त्याने राज्य केले व शेवटी परमपदाला पोचला
marathi_1520|marathi_1520.wav|अशा रीतीने स्वप्रयत्नाने त्याने सर्व काही प्राप्त करून घेतले
marathi_1521|marathi_1521.wav|गार गार सावली, गोड गोड फळे, देवाला फुले, झाडे फ़क़्त एवढेच नाही देत, तर झाडामुळे पाउस पडतो
marathi_1522|marathi_1522.wav|नद्या पाण्याने भरतात, शेते पिकांनी भरतात, डोंगर हिरवे होतात, आपल्याला आनंद देतात
marathi_1523|marathi_1523.wav|खूप खूप झाडांचे मिळून जंगल होते
marathi_1524|marathi_1524.wav|मग त्या जंगलात वाघ, सिंह, कोल्हे, हत्ती सगळे प्राणी सुखाने राहतात
marathi_1525|marathi_1525.wav|पक्षी झाडावर घरटी बांधतात आणि छोट्या छोट्या पिल्लांना त्यात ठेवतात
marathi_1526|marathi_1526.wav|जंगल नसले तर हि सगळेजण कुठे जातील?
marathi_1527|marathi_1527.wav|झाडांचे अजून फार फार चांगले उपयोग आहेत
marathi_1528|marathi_1528.wav|आजी आजोबांचे औषध पण झाडांपासून बनते
marathi_1529|marathi_1529.wav|आमच्या बागेत जांभळाचे झाड मुद्दाम आणून लावले आहे
marathi_1530|marathi_1530.wav|आम्ही जांभळं तर खातोच पण त्याचा बियांचा आजीच्या औषधाला उपयोग होतो
marathi_1531|marathi_1531.wav|आमच्या दारातला कडूनिंब खर तर मला अजिबात आवडत नाही
marathi_1532|marathi_1532.wav|सारखा कचरा होतो आणि झाडावा लागतो
marathi_1533|marathi_1533.wav|पण बाबा म्हणतात की कडूनिंब तोडायचा नाही, तो फार औषधी असतो, हवा स्वच्छ करतो
marathi_1534|marathi_1534.wav|गव्हात कीड लागू नये म्हणून आई कडूनिंबाच्या फांद्या त्यात ठेवते
marathi_1535|marathi_1535.wav|माझ्या मामाच्या गावाला तर नारळाची उंच उंच झाडे आहेत
marathi_1536|marathi_1536.wav|नारळाची झाडे पण आपल्याला फार उपयुक्त असतात
marathi_1537|marathi_1537.wav|नारळाचे पाणी म्हणजेच शहाळे आजारी माणसांना देतात
marathi_1538|marathi_1538.wav|नारळपाणी रक्तविकार नाशक, वात-पित्त नाशक आणि शक्तीवर्धक असते
marathi_1539|marathi_1539.wav|तसेच त्यात फाइबर, विटामिन आणि खनिज असतात
marathi_1540|marathi_1540.wav|नारळापासून तेल काढतात, नारळाला श्रीफळ म्हणतात
marathi_1541|marathi_1541.wav|नारळाला धार्मिक महत्व आहे
marathi_1542|marathi_1542.wav|झाडाचे मुळे खूप खूप खोल अगदी जमिनीत जातात, मातीला पकडून ठेवतात
marathi_1543|marathi_1543.wav|आपल्या सगळ्यांना अत्तर खूप आवडते
marathi_1544|marathi_1544.wav|मग चंदनाचे झाड आपल्याला अत्तर देते
marathi_1545|marathi_1545.wav|वेलदोडे, लवंग, मिरी, दालचिनी, जिरे, तमालपत्रे ही सगळी मसाल्याचे पदार्थ झाडेच देतात
marathi_1546|marathi_1546.wav|मग ह्या पावसाळ्यात झाडे लावूयात
marathi_1547|marathi_1547.wav|घरासमोर, बागेत, शाळेत कुठेही, पण एक तरी झाडं लावायचेच
marathi_1548|marathi_1548.wav|आणि हो नुसतेच लावायचे नाही तर त्यांना रोज पाणी घालून ती जगवायची सुद्धा
marathi_1549|marathi_1549.wav|वसुबारस ह्याचा अर्थ- वसु म्हणजे द्रव्य, धन, त्यासाठी असलेली बारस म्हणजे द्वादशी
